file,species,license,creator,source_url
neg_oxalis_corniculata_3112871036.jpg,Oxalis corniculata L.,http://creativecommons.org/licenses/by/4.0/,jmd123,https://inaturalist-open-data.s3.amazonaws.com/photos/125969998/large.jpg
neg_oxalis_corniculata_5176590392.jpg,Oxalis corniculata L.,http://creativecommons.org/licenses/by/4.0/,Mitul and Vijul Singh,https://inaturalist-open-data.s3.amazonaws.com/photos/268067214/large.jpeg
neg_oxalis_corniculata_4982257207.jpg,Oxalis corniculata L.,http://creativecommons.org/licenses/by/4.0/,frangp,https://inaturalist-open-data.s3.amazonaws.com/photos/358538183/large.jpeg
neg_oxalis_corniculata_5140768532.jpg,Oxalis corniculata L.,http://creativecommons.org/publicdomain/zero/1.0/,Paul Braun,https://inaturalist-open-data.s3.amazonaws.com/photos/494897358/large.jpeg
neg_oxalis_corniculata_3343756465.jpg,Oxalis corniculata L.,http://creativecommons.org/licenses/by/4.0/,Andrew Conboy,https://inaturalist-open-data.s3.amazonaws.com/photos/124915219/large.jpeg
neg_oxalis_corniculata_3925165440.jpg,Oxalis corniculata L.,http://creativecommons.org/licenses/by-sa/4.0/,Colin Meurk,https://inaturalist-open-data.s3.amazonaws.com/photos/172311386/large.jpeg
neg_oxalis_corniculata_5153275031.jpg,Oxalis corniculata L.,http://creativecommons.org/publicdomain/zero/1.0/,timxm,https://inaturalist-open-data.s3.amazonaws.com/photos/491119723/large.jpg
neg_oxalis_corniculata_4852459102.jpg,Oxalis corniculata L.,http://creativecommons.org/licenses/by/4.0/,Alexis Tinker-Tsavalas,https://inaturalist-open-data.s3.amazonaws.com/photos/371524585/large.jpeg
neg_oxalis_corniculata_5844033647.jpg,Oxalis corniculata L.,http://creativecommons.org/licenses/by/4.0/,Joey Bom,https://inaturalist-open-data.s3.amazonaws.com/photos/102939200/large.jpeg
neg_oxalis_corniculata_6188148649.jpg,Oxalis corniculata L.,http://creativecommons.org/licenses/by/4.0/,Astra,https://inaturalist-open-data.s3.amazonaws.com/photos/61010078/large.jpeg
neg_oxalis_corniculata_3112411994.jpg,Oxalis corniculata L.,http://creativecommons.org/licenses/by-sa/4.0/,SK53,https://inaturalist-open-data.s3.amazonaws.com/photos/125981124/large.jpg
neg_oxalis_corniculata_3124588778.jpg,Oxalis corniculata L.,http://creativecommons.org/licenses/by/4.0/,Michael J. Papay,https://inaturalist-open-data.s3.amazonaws.com/photos/130749608/large.jpg
neg_oxalis_corniculata_2596125776.jpg,Oxalis corniculata L.,http://creativecommons.org/licenses/by/4.0/,Cheng-Tao Lin,https://inaturalist-open-data.s3.amazonaws.com/photos/65173458/large.jpeg
neg_oxalis_corniculata_4413624719.jpg,Oxalis corniculata L.,http://creativecommons.org/licenses/by/4.0/,岸本年郎,https://inaturalist-open-data.s3.amazonaws.com/photos/264239735/large.jpg
neg_oxalis_corniculata_4851819761.jpg,Oxalis corniculata L.,http://creativecommons.org/licenses/by/4.0/,Daniel Cahen,https://inaturalist-open-data.s3.amazonaws.com/photos/374048653/large.jpeg
neg_oxalis_corniculata_5133923886.jpg,Oxalis corniculata L.,http://creativecommons.org/licenses/by/4.0/,Piotr Wojcik,https://inaturalist-open-data.s3.amazonaws.com/photos/482388984/large.jpeg
neg_oxalis_corniculata_5153043840.jpg,Oxalis corniculata L.,http://creativecommons.org/licenses/by/4.0/,Michel Langeveld,https://inaturalist-open-data.s3.amazonaws.com/photos/497450165/large.jpg
neg_oxalis_corniculata_2992687399.jpg,Oxalis corniculata L.,http://creativecommons.org/licenses/by/4.0/,Astra,https://inaturalist-open-data.s3.amazonaws.com/photos/60862117/large.jpeg
neg_oxalis_corniculata_2603488376.jpg,Oxalis corniculata L.,http://creativecommons.org/licenses/by/4.0/,Alexis Tinker-Tsavalas,https://inaturalist-open-data.s3.amazonaws.com/photos/66374882/large.jpeg
neg_oxalis_corniculata_2802563500.jpg,Oxalis corniculata L.,http://creativecommons.org/licenses/by/4.0/,Astra,https://inaturalist-open-data.s3.amazonaws.com/photos/61423981/large.jpeg
neg_oxalis_corniculata_4430418559.jpg,Oxalis corniculata L.,http://creativecommons.org/publicdomain/zero/1.0/,Rachel Webster,https://inaturalist-open-data.s3.amazonaws.com/photos/124595011/large.jpeg
neg_oxalis_corniculata_6399286715.jpg,Oxalis corniculata L.,http://creativecommons.org/licenses/by/4.0/,Kai Löhr,https://inaturalist-open-data.s3.amazonaws.com/photos/674787284/large.jpg
neg_oxalis_corniculata_4847192331.jpg,Oxalis corniculata L.,http://creativecommons.org/licenses/by/4.0/,bogsuckers,https://inaturalist-open-data.s3.amazonaws.com/photos/366129595/large.jpeg
neg_oxalis_corniculata_6479122196.jpg,Oxalis corniculata L.,http://creativecommons.org/licenses/by/4.0/,Liva Erkul,https://inaturalist-open-data.s3.amazonaws.com/photos/356229373/large.jpeg
neg_oxalis_corniculata_3455891523.jpg,Oxalis corniculata L.,http://creativecommons.org/licenses/by/4.0/,Matthew Fainman,https://inaturalist-open-data.s3.amazonaws.com/photos/172553324/large.jpeg
neg_oxalis_corniculata_5140673910.jpg,Oxalis corniculata L.,http://creativecommons.org/licenses/by/4.0/,Victor Heng,https://inaturalist-open-data.s3.amazonaws.com/photos/492915856/large.jpg
neg_oxalis_corniculata_3457067286.jpg,Oxalis corniculata L.,http://creativecommons.org/licenses/by/4.0/,Alexis Tinker-Tsavalas,https://inaturalist-open-data.s3.amazonaws.com/photos/174102143/large.jpeg
neg_oxalis_corniculata_5134274125.jpg,Oxalis corniculata L.,http://creativecommons.org/licenses/by/4.0/,Igor Balashov,https://inaturalist-open-data.s3.amazonaws.com/photos/483169828/large.jpg
neg_oxalis_corniculata_3344018372.jpg,Oxalis corniculata L.,http://creativecommons.org/publicdomain/zero/1.0/,Austin Pursley,https://inaturalist-open-data.s3.amazonaws.com/photos/64190510/large.jpg
neg_oxalis_corniculata_3307366472.jpg,Oxalis corniculata L.,http://creativecommons.org/licenses/by/4.0/,Karsten Rohweder,https://inaturalist-open-data.s3.amazonaws.com/photos/130319121/large.jpg
neg_oxalis_corniculata_2557759346.jpg,Oxalis corniculata L.,http://creativecommons.org/licenses/by/4.0/,John A Haskins,https://inaturalist-open-data.s3.amazonaws.com/photos/59446972/large.jpeg
neg_oxalis_corniculata_3343967367.jpg,Oxalis corniculata L.,http://creativecommons.org/licenses/by/4.0/,Tyler Bishop,https://inaturalist-open-data.s3.amazonaws.com/photos/62684494/large.jpg
neg_oxalis_corniculata_5153552477.jpg,Oxalis corniculata L.,http://creativecommons.org/licenses/by/4.0/,R Sreeja,https://inaturalist-open-data.s3.amazonaws.com/photos/499198004/large.jpeg
neg_oxalis_corniculata_3301904156.jpg,Oxalis corniculata L.,http://creativecommons.org/licenses/by/4.0/,tsai yun yen,https://inaturalist-open-data.s3.amazonaws.com/photos/132300914/large.jpeg
neg_oxalis_corniculata_5153871941.jpg,Oxalis corniculata L.,http://creativecommons.org/licenses/by/4.0/,Frank,https://inaturalist-open-data.s3.amazonaws.com/photos/486812286/large.jpeg
neg_oxalis_corniculata_3343731465.jpg,Oxalis corniculata L.,http://creativecommons.org/licenses/by/4.0/,Nigel Bentley,https://inaturalist-open-data.s3.amazonaws.com/photos/132095164/large.jpeg
neg_oxalis_corniculata_3301992473.jpg,Oxalis corniculata L.,http://creativecommons.org/licenses/by/4.0/,oliverc29,https://inaturalist-open-data.s3.amazonaws.com/photos/135230210/large.jpeg
neg_oxalis_corniculata_4127245694.jpg,Oxalis corniculata L.,http://creativecommons.org/licenses/by/4.0/,chiuluan,https://inaturalist-open-data.s3.amazonaws.com/photos/283993429/large.jpeg
neg_oxalis_corniculata_3302375579.jpg,Oxalis corniculata L.,http://creativecommons.org/licenses/by/4.0/,Hazel Tzinski,https://inaturalist-open-data.s3.amazonaws.com/photos/134424038/large.jpg
neg_oxalis_corniculata_5153099935.jpg,Oxalis corniculata L.,http://creativecommons.org/licenses/by/4.0/,Maria Kohanovskaya,https://inaturalist-open-data.s3.amazonaws.com/photos/497330241/large.jpeg
neg_oxalis_corniculata_4607057810.jpg,Oxalis corniculata L.,http://creativecommons.org/licenses/by/4.0/,WATANABE Hitoshi 渡辺仁,https://inaturalist-open-data.s3.amazonaws.com/photos/363045130/large.jpeg
neg_oxalis_corniculata_3124585840.jpg,Oxalis corniculata L.,http://creativecommons.org/licenses/by/4.0/,Santiago Martín-Bravo,https://inaturalist-open-data.s3.amazonaws.com/photos/130693935/large.jpeg
neg_oxalis_corniculata_4597484770.jpg,Oxalis corniculata L.,http://creativecommons.org/publicdomain/zero/1.0/,Theo Summer,https://inaturalist-open-data.s3.amazonaws.com/photos/357411284/large.jpeg
neg_oxalis_corniculata_3118248210.jpg,Oxalis corniculata L.,http://creativecommons.org/licenses/by/4.0/,Pavel Kacl,https://inaturalist-open-data.s3.amazonaws.com/photos/129562033/large.jpg
neg_oxalis_corniculata_3118380888.jpg,Oxalis corniculata L.,http://creativecommons.org/licenses/by/4.0/,richyfourtytwo,https://inaturalist-open-data.s3.amazonaws.com/photos/129071330/large.jpg
neg_oxalis_corniculata_4847013591.jpg,Oxalis corniculata L.,http://creativecommons.org/licenses/by/4.0/,Daniel Cahen,https://inaturalist-open-data.s3.amazonaws.com/photos/366761451/large.jpeg
neg_oxalis_corniculata_4121274035.jpg,Oxalis corniculata L.,http://creativecommons.org/licenses/by/4.0/,Meng-Chi Hung,https://inaturalist-open-data.s3.amazonaws.com/photos/280481509/large.jpeg
neg_oxalis_corniculata_4606959562.jpg,Oxalis corniculata L.,http://creativecommons.org/publicdomain/zero/1.0/,Alan Weakley,https://inaturalist-open-data.s3.amazonaws.com/photos/364547364/large.jpg
neg_oxalis_corniculata_3343961456.jpg,Oxalis corniculata L.,http://creativecommons.org/publicdomain/zero/1.0/,drtimk,https://inaturalist-open-data.s3.amazonaws.com/photos/132597993/large.jpeg
neg_oxalis_corniculata_4978427103.jpg,Oxalis corniculata L.,http://creativecommons.org/licenses/by/4.0/,Shaun Swanepoel,https://inaturalist-open-data.s3.amazonaws.com/photos/171928574/large.jpeg
neg_oxalis_corniculata_4121161257.jpg,Oxalis corniculata L.,http://creativecommons.org/licenses/by/4.0/,Dave Richardson,https://inaturalist-open-data.s3.amazonaws.com/photos/281643980/large.jpg
neg_oxalis_corniculata_3124734338.jpg,Oxalis corniculata L.,http://creativecommons.org/licenses/by/4.0/,Alexis Tinker-Tsavalas,https://inaturalist-open-data.s3.amazonaws.com/photos/61049580/large.jpeg
neg_oxalis_corniculata_2576455302.jpg,Oxalis corniculata L.,http://creativecommons.org/publicdomain/zero/1.0/,viridian,https://inaturalist-open-data.s3.amazonaws.com/photos/62795512/large.jpeg
neg_oxalis_corniculata_5176388343.jpg,Oxalis corniculata L.,http://creativecommons.org/licenses/by/4.0/,胡正恆(Jackson Hu),https://inaturalist-open-data.s3.amazonaws.com/photos/265901214/large.jpg
neg_oxalis_corniculata_3124662243.jpg,Oxalis corniculata L.,http://creativecommons.org/licenses/by/4.0/,Tim Johnson,https://inaturalist-open-data.s3.amazonaws.com/photos/130989338/large.jpeg
neg_oxalis_corniculata_5153607497.jpg,Oxalis corniculata L.,http://creativecommons.org/licenses/by/4.0/,Dave Richardson,https://inaturalist-open-data.s3.amazonaws.com/photos/497385578/large.jpg
neg_oxalis_corniculata_3343911364.jpg,Oxalis corniculata L.,http://creativecommons.org/licenses/by/4.0/,Michele Jones,https://inaturalist-open-data.s3.amazonaws.com/photos/61362121/large.jpeg
neg_oxalis_corniculata_4039146316.jpg,Oxalis corniculata L.,http://creativecommons.org/publicdomain/zero/1.0/,葉子,https://inaturalist-open-data.s3.amazonaws.com/photos/63732459/large.jpeg
neg_oxalis_corniculata_4599764484.jpg,Oxalis corniculata L.,http://creativecommons.org/licenses/by/4.0/,lisemari,https://inaturalist-open-data.s3.amazonaws.com/photos/131977311/large.jpg
neg_oxalis_corniculata_5140844293.jpg,Oxalis corniculata L.,http://creativecommons.org/licenses/by/4.0/,Josie Rylands,https://inaturalist-open-data.s3.amazonaws.com/photos/495917643/large.jpeg
neg_oxalis_corniculata_3112859604.jpg,Oxalis corniculata L.,http://creativecommons.org/licenses/by/4.0/,Pavel Kacl,https://inaturalist-open-data.s3.amazonaws.com/photos/125455890/large.jpg
neg_oxalis_corniculata_6520659585.jpg,Oxalis corniculata L.,http://creativecommons.org/publicdomain/zero/1.0/,Jindřich Soukup,https://inaturalist-open-data.s3.amazonaws.com/photos/355011697/large.jpeg
neg_oxalis_corniculata_3457032466.jpg,Oxalis corniculata L.,http://creativecommons.org/licenses/by/4.0/,Kevin Faccenda,https://inaturalist-open-data.s3.amazonaws.com/photos/172644822/large.jpg
neg_oxalis_corniculata_4852049389.jpg,Oxalis corniculata L.,http://creativecommons.org/licenses/by/4.0/,naturewatchwidow,https://inaturalist-open-data.s3.amazonaws.com/photos/370469912/large.jpg
neg_oxalis_corniculata_3343929372.jpg,Oxalis corniculata L.,http://creativecommons.org/licenses/by/4.0/,Michelle W. （鍾偉瑋）,https://inaturalist-open-data.s3.amazonaws.com/photos/62501700/large.jpeg
neg_oxalis_corniculata_3344004361.jpg,Oxalis corniculata L.,http://creativecommons.org/licenses/by/4.0/,Tyler Cannon,https://inaturalist-open-data.s3.amazonaws.com/photos/59148419/large.jpg
neg_oxalis_corniculata_3456752683.jpg,Oxalis corniculata L.,http://creativecommons.org/licenses/by/4.0/,Franz Anthony,https://inaturalist-open-data.s3.amazonaws.com/photos/171400038/large.jpeg
neg_oxalis_corniculata_5141111818.jpg,Oxalis corniculata L.,http://creativecommons.org/licenses/by/4.0/,Susan Marley,https://inaturalist-open-data.s3.amazonaws.com/photos/496972994/large.jpeg
neg_oxalis_corniculata_4126783667.jpg,Oxalis corniculata L.,http://creativecommons.org/licenses/by/4.0/,kumarkv,https://inaturalist-open-data.s3.amazonaws.com/photos/277491344/large.jpeg
neg_oxalis_corniculata_6552484479.jpg,Oxalis corniculata L.,http://creativecommons.org/licenses/by/4.0/,Jiao Sun (孙娇),https://inaturalist-open-data.s3.amazonaws.com/photos/636981802/large.jpg
neg_oxalis_corniculata_4127103405.jpg,Oxalis corniculata L.,http://creativecommons.org/licenses/by/4.0/,chiuluan,https://inaturalist-open-data.s3.amazonaws.com/photos/283751389/large.jpeg
neg_oxalis_corniculata_6400064564.jpg,Oxalis corniculata L.,http://creativecommons.org/publicdomain/zero/1.0/,Patrick Le Mao,https://inaturalist-open-data.s3.amazonaws.com/photos/269714281/large.jpeg
neg_oxalis_corniculata_4851854169.jpg,Oxalis corniculata L.,http://creativecommons.org/publicdomain/zero/1.0/,Robert H. Wardell,https://inaturalist-open-data.s3.amazonaws.com/photos/374088668/large.jpeg
neg_oxalis_corniculata_4982253398.jpg,Oxalis corniculata L.,http://creativecommons.org/licenses/by/4.0/,Marc Riera,https://inaturalist-open-data.s3.amazonaws.com/photos/354970421/large.jpeg
neg_oxalis_corniculata_5134016788.jpg,Oxalis corniculata L.,http://creativecommons.org/licenses/by/4.0/,jamie-aa,https://inaturalist-open-data.s3.amazonaws.com/photos/486869073/large.jpeg
neg_oxalis_corniculata_4116679875.jpg,Oxalis corniculata L.,http://creativecommons.org/licenses/by/4.0/,Elliot Greiner,https://inaturalist-open-data.s3.amazonaws.com/photos/279984227/large.jpg
neg_oxalis_corniculata_4851968584.jpg,Oxalis corniculata L.,http://creativecommons.org/licenses/by/4.0/,WATANABE Hitoshi 渡辺仁,https://inaturalist-open-data.s3.amazonaws.com/photos/368380920/large.jpeg
neg_oxalis_corniculata_4171198647.jpg,Oxalis corniculata L.,http://creativecommons.org/publicdomain/zero/1.0/,Vicki Sanders,https://inaturalist-open-data.s3.amazonaws.com/photos/273763178/large.jpg
neg_oxalis_corniculata_5153602863.jpg,Oxalis corniculata L.,http://creativecommons.org/publicdomain/zero/1.0/,Robert H. Wardell,https://inaturalist-open-data.s3.amazonaws.com/photos/498545786/large.jpeg
neg_oxalis_corniculata_3343770449.jpg,Oxalis corniculata L.,http://creativecommons.org/licenses/by/4.0/,Andrew Lie,https://inaturalist-open-data.s3.amazonaws.com/photos/126861414/large.jpg
neg_oxalis_corniculata_4847082674.jpg,Oxalis corniculata L.,http://creativecommons.org/licenses/by/4.0/,Dave Richardson,https://inaturalist-open-data.s3.amazonaws.com/photos/366363628/large.jpg
neg_oxalis_corniculata_5140789463.jpg,Oxalis corniculata L.,http://creativecommons.org/licenses/by/4.0/,Felix Collins,https://inaturalist-open-data.s3.amazonaws.com/photos/494895144/large.jpeg
neg_oxalis_corniculata_4600049504.jpg,Oxalis corniculata L.,http://creativecommons.org/licenses/by/4.0/,Hana Váchová,https://inaturalist-open-data.s3.amazonaws.com/photos/125758224/large.jpeg
neg_oxalis_corniculata_4458346796.jpg,Oxalis corniculata L.,http://creativecommons.org/publicdomain/zero/1.0/,S Brian Treelife,https://inaturalist-open-data.s3.amazonaws.com/photos/267333469/large.jpeg
neg_oxalis_corniculata_2579330899.jpg,Oxalis corniculata L.,http://creativecommons.org/licenses/by/4.0/,Katie McCoy,https://inaturalist-open-data.s3.amazonaws.com/photos/62831349/large.jpeg
neg_oxalis_corniculata_5140717682.jpg,Oxalis corniculata L.,http://creativecommons.org/licenses/by/4.0/,Ong Jyh Seng,https://inaturalist-open-data.s3.amazonaws.com/photos/493257716/large.jpeg
neg_oxalis_corniculata_4847133305.jpg,Oxalis corniculata L.,http://creativecommons.org/licenses/by/4.0/,謝麗霦,https://inaturalist-open-data.s3.amazonaws.com/photos/365346075/large.jpg
neg_oxalis_corniculata_4607173745.jpg,Oxalis corniculata L.,http://creativecommons.org/licenses/by/4.0/,謝麗霦,https://inaturalist-open-data.s3.amazonaws.com/photos/362243920/large.jpg
neg_oxalis_corniculata_5140939527.jpg,Oxalis corniculata L.,http://creativecommons.org/licenses/by/4.0/,Sivi Sivanesan,https://inaturalist-open-data.s3.amazonaws.com/photos/494988489/large.jpeg
neg_oxalis_corniculata_2609092884.jpg,Oxalis corniculata L.,http://creativecommons.org/licenses/by/4.0/,mister_bumble,https://inaturalist-open-data.s3.amazonaws.com/photos/68167014/large.jpg
neg_oxalis_corniculata_3113614691.jpg,Oxalis corniculata L.,http://creativecommons.org/licenses/by/4.0/,William Stephens,https://inaturalist-open-data.s3.amazonaws.com/photos/128405192/large.jpg
neg_oxalis_corniculata_5140265239.jpg,Oxalis corniculata L.,http://creativecommons.org/licenses/by/4.0/,Paul Bell-Butler,https://inaturalist-open-data.s3.amazonaws.com/photos/490961993/large.jpeg
neg_oxalis_corniculata_2609151957.jpg,Oxalis corniculata L.,http://creativecommons.org/licenses/by/4.0/,Matthew Fainman,https://inaturalist-open-data.s3.amazonaws.com/photos/67739754/large.jpeg
neg_oxalis_corniculata_4599869103.jpg,Oxalis corniculata L.,http://creativecommons.org/licenses/by/4.0/,Mehdi Chetibi,https://inaturalist-open-data.s3.amazonaws.com/photos/360556713/large.jpeg
neg_oxalis_corniculata_3330674432.jpg,Oxalis corniculata L.,http://creativecommons.org/publicdomain/zero/1.0/,Jake Rehage,https://inaturalist-open-data.s3.amazonaws.com/photos/128285934/large.jpeg
neg_oxalis_corniculata_3858212462.jpg,Oxalis corniculata L.,http://creativecommons.org/licenses/by/4.0/,Morgan Hay,https://inaturalist-open-data.s3.amazonaws.com/photos/63767188/large.jpeg
neg_oxalis_corniculata_2579273518.jpg,Oxalis corniculata L.,http://creativecommons.org/licenses/by/4.0/,ch3chia,https://inaturalist-open-data.s3.amazonaws.com/photos/63291551/large.jpg
neg_oxalis_corniculata_5291915700.jpg,Oxalis corniculata L.,http://creativecommons.org/licenses/by/4.0/,Caleb Catto,https://inaturalist-open-data.s3.amazonaws.com/photos/377753932/large.jpg
neg_oxalis_corniculata_3456212412.jpg,Oxalis corniculata L.,http://creativecommons.org/licenses/by/4.0/,Alexis Tinker-Tsavalas,https://inaturalist-open-data.s3.amazonaws.com/photos/173061066/large.jpeg
neg_oxalis_corniculata_2576409044.jpg,Oxalis corniculata L.,http://creativecommons.org/licenses/by/4.0/,Tyler Bishop,https://inaturalist-open-data.s3.amazonaws.com/photos/62025458/large.jpeg
neg_oxalis_corniculata_4111694920.jpg,Oxalis corniculata L.,http://creativecommons.org/licenses/by/4.0/,Илья Руденко,https://inaturalist-open-data.s3.amazonaws.com/photos/275484024/large.jpg
neg_oxalis_corniculata_4121360667.jpg,Oxalis corniculata L.,http://creativecommons.org/publicdomain/zero/1.0/,S Brian Treelife,https://inaturalist-open-data.s3.amazonaws.com/photos/277712795/large.jpeg
neg_oxalis_corniculata_4851991169.jpg,Oxalis corniculata L.,http://creativecommons.org/licenses/by/4.0/,Alexis Tinker-Tsavalas,https://inaturalist-open-data.s3.amazonaws.com/photos/370583561/large.jpeg
neg_oxalis_corniculata_6188157280.jpg,Oxalis corniculata L.,http://creativecommons.org/licenses/by/4.0/,W Rao,https://inaturalist-open-data.s3.amazonaws.com/photos/270614875/large.jpeg
neg_oxalis_corniculata_3343716360.jpg,Oxalis corniculata L.,http://creativecommons.org/licenses/by/4.0/,John Abrams,https://inaturalist-open-data.s3.amazonaws.com/photos/62657899/large.jpeg
neg_oxalis_corniculata_4121366518.jpg,Oxalis corniculata L.,http://creativecommons.org/licenses/by/4.0/,Kristine Clark,https://inaturalist-open-data.s3.amazonaws.com/photos/281022689/large.jpg
neg_oxalis_corniculata_3455683023.jpg,Oxalis corniculata L.,http://creativecommons.org/licenses/by/4.0/,Alexis Tinker-Tsavalas,https://inaturalist-open-data.s3.amazonaws.com/photos/171537621/large.jpeg
neg_oxalis_corniculata_3031859632.jpg,Oxalis corniculata L.,http://creativecommons.org/licenses/by/4.0/,Jennifer Arrow,https://inaturalist-open-data.s3.amazonaws.com/photos/63671690/large.jpg
neg_oxalis_corniculata_4440611708.jpg,Oxalis corniculata L.,http://creativecommons.org/licenses/by/4.0/,Marcello Manara,https://inaturalist-open-data.s3.amazonaws.com/photos/271563325/large.jpeg
neg_oxalis_corniculata_3344025376.jpg,Oxalis corniculata L.,http://creativecommons.org/publicdomain/zero/1.0/,peakaytea,https://inaturalist-open-data.s3.amazonaws.com/photos/59184504/large.jpeg
neg_oxalis_corniculata_4600002153.jpg,Oxalis corniculata L.,http://creativecommons.org/licenses/by/4.0/,Dave Richardson,https://inaturalist-open-data.s3.amazonaws.com/photos/359245017/large.jpg
neg_oxalis_corniculata_2580098215.jpg,Oxalis corniculata L.,http://creativecommons.org/licenses/by/4.0/,Alexis Tinker-Tsavalas,https://inaturalist-open-data.s3.amazonaws.com/photos/63464338/large.jpeg
neg_oxalis_corniculata_3124521708.jpg,Oxalis corniculata L.,http://creativecommons.org/licenses/by/4.0/,carnifex,https://inaturalist-open-data.s3.amazonaws.com/photos/130511615/large.jpeg
neg_oxalis_corniculata_3112325050.jpg,Oxalis corniculata L.,http://creativecommons.org/publicdomain/zero/1.0/,Paul Braun,https://inaturalist-open-data.s3.amazonaws.com/photos/124652634/large.jpeg
neg_oxalis_corniculata_4978316078.jpg,Oxalis corniculata L.,http://creativecommons.org/licenses/by/4.0/,Shaun Swanepoel,https://inaturalist-open-data.s3.amazonaws.com/photos/62663654/large.jpeg
neg_oxalis_corniculata_2597829004.jpg,Oxalis corniculata L.,http://creativecommons.org/licenses/by/4.0/,Alexis Tinker-Tsavalas,https://inaturalist-open-data.s3.amazonaws.com/photos/65513526/large.jpeg
neg_oxalis_corniculata_5140195219.jpg,Oxalis corniculata L.,http://creativecommons.org/licenses/by/4.0/,Татьяна Максимова,https://inaturalist-open-data.s3.amazonaws.com/photos/490613427/large.jpeg
neg_oxalis_corniculata_2576256223.jpg,Oxalis corniculata L.,http://creativecommons.org/licenses/by/4.0/,Tyler Bishop,https://inaturalist-open-data.s3.amazonaws.com/photos/62054833/large.jpg
neg_oxalis_corniculata_2563565343.jpg,Oxalis corniculata L.,http://creativecommons.org/licenses/by/4.0/,Cheng-Tao Lin,https://inaturalist-open-data.s3.amazonaws.com/photos/60120784/large.jpg
neg_oxalis_corniculata_4121048056.jpg,Oxalis corniculata L.,http://creativecommons.org/licenses/by/4.0/,Tzu-Neng Yuan,https://inaturalist-open-data.s3.amazonaws.com/photos/282384550/large.jpeg
neg_oxalis_corniculata_5140268754.jpg,Oxalis corniculata L.,http://creativecommons.org/licenses/by/4.0/,jamie-aa,https://inaturalist-open-data.s3.amazonaws.com/photos/490839803/large.jpeg
neg_oxalis_corniculata_2550022165.jpg,Oxalis corniculata L.,http://creativecommons.org/licenses/by/4.0/,chiuluan,https://inaturalist-open-data.s3.amazonaws.com/photos/59218209/large.jpeg
neg_oxalis_corniculata_3712404370.jpg,Oxalis corniculata L.,http://creativecommons.org/licenses/by/4.0/,E. A.,https://inaturalist-open-data.s3.amazonaws.com/photos/132107297/large.jpeg
neg_oxalis_corniculata_4597552131.jpg,Oxalis corniculata L.,http://creativecommons.org/licenses/by/4.0/,chiuluan,https://inaturalist-open-data.s3.amazonaws.com/photos/358336825/large.jpeg
neg_oxalis_corniculata_4606654068.jpg,Oxalis corniculata L.,http://creativecommons.org/licenses/by/4.0/,Austin Smith,https://inaturalist-open-data.s3.amazonaws.com/photos/356986694/large.jpg
neg_oxalis_corniculata_4847150399.jpg,Oxalis corniculata L.,http://creativecommons.org/licenses/by/4.0/,Marc Riera,https://inaturalist-open-data.s3.amazonaws.com/photos/366217350/large.jpeg
neg_oxalis_corniculata_4846982880.jpg,Oxalis corniculata L.,http://creativecommons.org/licenses/by/4.0/,E. A.,https://inaturalist-open-data.s3.amazonaws.com/photos/366339675/large.jpg
neg_oxalis_corniculata_2826159414.jpg,Oxalis corniculata L.,http://creativecommons.org/licenses/by/4.0/,João Vitor Oliveira de Souza,https://inaturalist-open-data.s3.amazonaws.com/photos/65147942/large.jpg
neg_oxalis_corniculata_3343816357.jpg,Oxalis corniculata L.,http://creativecommons.org/publicdomain/zero/1.0/,Irene Saltini,https://inaturalist-open-data.s3.amazonaws.com/photos/62424520/large.jpeg
neg_oxalis_corniculata_2580265867.jpg,Oxalis corniculata L.,http://creativecommons.org/licenses/by/4.0/,Alexis Tinker-Tsavalas,https://inaturalist-open-data.s3.amazonaws.com/photos/63727121/large.jpeg
neg_oxalis_corniculata_5140021747.jpg,Oxalis corniculata L.,http://creativecommons.org/licenses/by/4.0/,pavlaki1968,https://inaturalist-open-data.s3.amazonaws.com/photos/483426911/large.jpg
neg_oxalis_corniculata_5134804527.jpg,Oxalis corniculata L.,http://creativecommons.org/licenses/by/4.0/,Nick Butcher,https://inaturalist-open-data.s3.amazonaws.com/photos/484462096/large.jpg
neg_oxalis_corniculata_3118336788.jpg,Oxalis corniculata L.,http://creativecommons.org/licenses/by/4.0/,Daniel Macías Gómez,https://inaturalist-open-data.s3.amazonaws.com/photos/129047840/large.jpeg
neg_oxalis_corniculata_3343824453.jpg,Oxalis corniculata L.,http://creativecommons.org/licenses/by/4.0/,Thomas Mesaglio,https://inaturalist-open-data.s3.amazonaws.com/photos/125081448/large.jpeg
neg_oxalis_corniculata_4015003424.jpg,Oxalis corniculata L.,http://creativecommons.org/licenses/by/4.0/,Дмитрий Дунин,https://inaturalist-open-data.s3.amazonaws.com/photos/131457298/large.jpeg
neg_oxalis_corniculata_6188232078.jpg,Oxalis corniculata L.,http://creativecommons.org/licenses/by/4.0/,mami_t_t,https://inaturalist-open-data.s3.amazonaws.com/photos/265477317/large.jpeg
neg_oxalis_corniculata_4176935348.jpg,Oxalis corniculata L.,http://creativecommons.org/licenses/by/4.0/,Karen Eichholz,https://inaturalist-open-data.s3.amazonaws.com/photos/125750144/large.jpeg
neg_oxalis_corniculata_2557763462.jpg,Oxalis corniculata L.,http://creativecommons.org/licenses/by/4.0/,Alex Abair,https://inaturalist-open-data.s3.amazonaws.com/photos/59459787/large.jpg
neg_oxalis_corniculata_3343909374.jpg,Oxalis corniculata L.,http://creativecommons.org/licenses/by/4.0/,Tom and T Herman,https://inaturalist-open-data.s3.amazonaws.com/photos/64456842/large.jpeg
neg_oxalis_corniculata_4607263381.jpg,Oxalis corniculata L.,http://creativecommons.org/licenses/by/4.0/,WATANABE Hitoshi 渡辺仁,https://inaturalist-open-data.s3.amazonaws.com/photos/363997846/large.jpeg
neg_oxalis_corniculata_5167670343.jpg,Oxalis corniculata L.,http://creativecommons.org/licenses/by/4.0/,znot,https://inaturalist-open-data.s3.amazonaws.com/photos/129464517/large.jpg
neg_oxalis_corniculata_4126919502.jpg,Oxalis corniculata L.,http://creativecommons.org/licenses/by/4.0/,Bartosz Czołczyński,https://inaturalist-open-data.s3.amazonaws.com/photos/283075937/large.jpeg
neg_oxalis_corniculata_4597318076.jpg,Oxalis corniculata L.,http://creativecommons.org/licenses/by/4.0/,Andrea Gobetti,https://inaturalist-open-data.s3.amazonaws.com/photos/355661432/large.jpg
neg_oxalis_corniculata_3343746472.jpg,Oxalis corniculata L.,http://creativecommons.org/licenses/by/4.0/,Liam Steele,https://inaturalist-open-data.s3.amazonaws.com/photos/129456732/large.jpeg
neg_oxalis_corniculata_2609082912.jpg,Oxalis corniculata L.,http://creativecommons.org/licenses/by/4.0/,Михаил Орлов,https://inaturalist-open-data.s3.amazonaws.com/photos/59228957/large.jpeg
neg_oxalis_corniculata_2579317166.jpg,Oxalis corniculata var. corniculata,http://creativecommons.org/licenses/by/4.0/,Jacqui Geux,https://inaturalist-open-data.s3.amazonaws.com/photos/62995344/large.jpeg
neg_oxalis_corniculata_2557789606.jpg,Oxalis corniculata L.,http://creativecommons.org/licenses/by/4.0/,Lin Scott,https://inaturalist-open-data.s3.amazonaws.com/photos/59593979/large.jpeg
neg_oxalis_corniculata_2573934878.jpg,Oxalis corniculata L.,http://creativecommons.org/licenses/by/4.0/,Alexis Tinker-Tsavalas,https://inaturalist-open-data.s3.amazonaws.com/photos/60778806/large.jpeg
neg_oxalis_corniculata_4851765101.jpg,Oxalis corniculata L.,http://creativecommons.org/licenses/by/4.0/,謝麗霦,https://inaturalist-open-data.s3.amazonaws.com/photos/362246751/large.jpg
neg_oxalis_corniculata_3343790385.jpg,Oxalis corniculata L.,http://creativecommons.org/licenses/by/4.0/,Julien Tchilinguirian,https://inaturalist-open-data.s3.amazonaws.com/photos/63818211/large.jpeg
neg_oxalis_corniculata_4120966571.jpg,Oxalis corniculata L.,http://creativecommons.org/publicdomain/zero/1.0/,S Brian Treelife,https://inaturalist-open-data.s3.amazonaws.com/photos/276261710/large.jpeg
neg_oxalis_corniculata_5153884293.jpg,Oxalis corniculata L.,http://creativecommons.org/licenses/by/4.0/,Jon Sullivan,https://inaturalist-open-data.s3.amazonaws.com/photos/499803213/large.jpg
neg_oxalis_corniculata_3343852457.jpg,Oxalis corniculata L.,http://creativecommons.org/licenses/by/4.0/,Val,https://inaturalist-open-data.s3.amazonaws.com/photos/131019611/large.jpeg
neg_oxalis_corniculata_2573925108.jpg,Oxalis corniculata L.,http://creativecommons.org/licenses/by/4.0/,Bonnie Semmling,https://inaturalist-open-data.s3.amazonaws.com/photos/60886336/large.jpg
neg_oxalis_corniculata_4908085085.jpg,Oxalis corniculata L.,http://creativecommons.org/licenses/by/4.0/,Michel Langeveld,https://inaturalist-open-data.s3.amazonaws.com/photos/120278943/large.jpg
neg_oxalis_corniculata_5140948816.jpg,Oxalis corniculata L.,http://creativecommons.org/licenses/by/4.0/,Mike Bowie,https://inaturalist-open-data.s3.amazonaws.com/photos/496557402/large.jpeg
neg_oxalis_corniculata_3457019456.jpg,Oxalis corniculata L.,http://creativecommons.org/licenses/by/4.0/,Alexis Tinker-Tsavalas,https://inaturalist-open-data.s3.amazonaws.com/photos/172143466/large.jpeg
neg_oxalis_corniculata_4126955882.jpg,Oxalis corniculata L.,http://creativecommons.org/licenses/by/4.0/,chiuluan,https://inaturalist-open-data.s3.amazonaws.com/photos/283751962/large.jpeg
neg_oxalis_corniculata_2609238748.jpg,Oxalis corniculata L.,http://creativecommons.org/licenses/by/4.0/,Kai Löhr,https://inaturalist-open-data.s3.amazonaws.com/photos/68073254/large.jpg
neg_oxalis_corniculata_2563630614.jpg,Oxalis corniculata L.,http://creativecommons.org/licenses/by/4.0/,Alexis Tinker-Tsavalas,https://inaturalist-open-data.s3.amazonaws.com/photos/60440653/large.jpeg
neg_oxalis_corniculata_5153173388.jpg,Oxalis corniculata L.,http://creativecommons.org/licenses/by/4.0/,Albert Rainbow,https://inaturalist-open-data.s3.amazonaws.com/photos/493651003/large.jpg
neg_oxalis_corniculata_4851802365.jpg,Oxalis corniculata L.,http://creativecommons.org/licenses/by/4.0/,Henry de Lange,https://inaturalist-open-data.s3.amazonaws.com/photos/370977411/large.jpeg
neg_oxalis_corniculata_3343707360.jpg,Oxalis corniculata L.,http://creativecommons.org/licenses/by/4.0/,Barbara Banfield,https://inaturalist-open-data.s3.amazonaws.com/photos/64303131/large.jpg
neg_oxalis_corniculata_4863708559.jpg,Oxalis corniculata L.,http://creativecommons.org/licenses/by/4.0/,Louis Aureglia,https://inaturalist-open-data.s3.amazonaws.com/photos/381435630/large.jpeg
neg_oxalis_corniculata_3456535863.jpg,Oxalis corniculata L.,http://creativecommons.org/licenses/by/4.0/,Dave Richardson,https://inaturalist-open-data.s3.amazonaws.com/photos/171310595/large.jpg
neg_oxalis_corniculata_4607188042.jpg,Oxalis corniculata L.,http://creativecommons.org/licenses/by/4.0/,Henry Miller,https://inaturalist-open-data.s3.amazonaws.com/photos/362377839/large.jpg
neg_oxalis_corniculata_3456402897.jpg,Oxalis corniculata L.,http://creativecommons.org/licenses/by/4.0/,Northcut,https://inaturalist-open-data.s3.amazonaws.com/photos/171800961/large.jpg
neg_oxalis_corniculata_3124780503.jpg,Oxalis corniculata L.,http://creativecommons.org/licenses/by/4.0/,Sandy Wolkenberg,https://inaturalist-open-data.s3.amazonaws.com/photos/128515719/large.jpg
neg_oxalis_corniculata_5176875370.jpg,Oxalis corniculata L.,http://creativecommons.org/licenses/by/4.0/,胡正恆(Jackson Hu),https://inaturalist-open-data.s3.amazonaws.com/photos/299680406/large.jpg
neg_oxalis_corniculata_4846880087.jpg,Oxalis corniculata L.,http://creativecommons.org/publicdomain/zero/1.0/,Nicolás Tamargo,https://inaturalist-open-data.s3.amazonaws.com/photos/366006983/large.jpeg
neg_oxalis_corniculata_4607071669.jpg,Oxalis corniculata L.,http://creativecommons.org/publicdomain/zero/1.0/,Prince Molokomme,https://inaturalist-open-data.s3.amazonaws.com/photos/363084581/large.jpg
neg_oxalis_corniculata_4103367444.jpg,Oxalis corniculata L.,http://creativecommons.org/licenses/by/4.0/,Michael Berardozzi,https://inaturalist-open-data.s3.amazonaws.com/photos/274681137/large.jpg
neg_oxalis_corniculata_4597396063.jpg,Oxalis corniculata L.,http://creativecommons.org/licenses/by-sa/4.0/,Filippo Ceragioli,https://inaturalist-open-data.s3.amazonaws.com/photos/356975767/large.jpeg
neg_oxalis_corniculata_3302453241.jpg,Oxalis corniculata L.,http://creativecommons.org/licenses/by/4.0/,Tania Walisch,https://inaturalist-open-data.s3.amazonaws.com/photos/133315396/large.jpeg
neg_oxalis_corniculata_5167589430.jpg,Oxalis corniculata L.,http://creativecommons.org/licenses/by/4.0/,William C. McKnight,https://inaturalist-open-data.s3.amazonaws.com/photos/265590719/large.jpeg
neg_oxalis_corniculata_5140837322.jpg,Oxalis corniculata L.,http://creativecommons.org/publicdomain/zero/1.0/,Robert H. Wardell,https://inaturalist-open-data.s3.amazonaws.com/photos/495353543/large.jpeg
neg_oxalis_corniculata_3456353169.jpg,Oxalis corniculata L.,http://creativecommons.org/licenses/by/4.0/,Dave Richardson,https://inaturalist-open-data.s3.amazonaws.com/photos/172152778/large.jpg
neg_oxalis_corniculata_5140464550.jpg,Oxalis corniculata L.,http://creativecommons.org/licenses/by/4.0/,Michel Langeveld,https://inaturalist-open-data.s3.amazonaws.com/photos/492720649/large.jpg
neg_oxalis_corniculata_5140326085.jpg,Oxalis corniculata L.,http://creativecommons.org/licenses/by/4.0/,Nick Butcher,https://inaturalist-open-data.s3.amazonaws.com/photos/491334417/large.jpg
neg_oxalis_corniculata_3343732341.jpg,Oxalis corniculata L.,http://creativecommons.org/publicdomain/zero/1.0/,Diana Foreman,https://inaturalist-open-data.s3.amazonaws.com/photos/61228596/large.jpg
neg_oxalis_corniculata_6188593803.jpg,Oxalis corniculata L.,http://creativecommons.org/publicdomain/zero/1.0/,Mason Brock,https://inaturalist-open-data.s3.amazonaws.com/photos/296633160/large.jpeg
neg_oxalis_corniculata_3343761367.jpg,Oxalis corniculata L.,http://creativecommons.org/licenses/by/4.0/,Liadan Dickie,https://inaturalist-open-data.s3.amazonaws.com/photos/64310477/large.jpg
neg_oxalis_corniculata_4863525060.jpg,Oxalis corniculata L.,http://creativecommons.org/licenses/by/4.0/,teresa lo,https://inaturalist-open-data.s3.amazonaws.com/photos/266107099/large.jpg
neg_oxalis_corniculata_2579303666.jpg,Oxalis corniculata L.,http://creativecommons.org/licenses/by/4.0/,Юрий Данилевский (Yuriy Danilevsky),https://inaturalist-open-data.s3.amazonaws.com/photos/63333724/large.jpg
neg_oxalis_corniculata_3344008352.jpg,Oxalis corniculata L.,http://creativecommons.org/licenses/by/4.0/,Daniel Cahen,https://inaturalist-open-data.s3.amazonaws.com/photos/61461912/large.jpeg
neg_oxalis_corniculata_3343762355.jpg,Oxalis corniculata L.,http://creativecommons.org/licenses/by/4.0/,Tyler Bishop,https://inaturalist-open-data.s3.amazonaws.com/photos/62892117/large.jpg
neg_oxalis_corniculata_6234544320.jpg,Oxalis corniculata L.,http://creativecommons.org/licenses/by/4.0/,Julien Lepage,https://inaturalist-open-data.s3.amazonaws.com/photos/120760978/large.jpeg
neg_oxalis_corniculata_3456481853.jpg,Oxalis corniculata L.,http://creativecommons.org/licenses/by/4.0/,Astra,https://inaturalist-open-data.s3.amazonaws.com/photos/169414367/large.jpeg
neg_oxalis_corniculata_6188405902.jpg,Oxalis corniculata L.,http://creativecommons.org/licenses/by/4.0/,W Rao,https://inaturalist-open-data.s3.amazonaws.com/photos/269256351/large.jpeg
neg_oxalis_corniculata_2573856578.jpg,Oxalis corniculata L.,http://creativecommons.org/licenses/by/4.0/,stinger,https://inaturalist-open-data.s3.amazonaws.com/photos/61792247/large.jpeg
neg_oxalis_corniculata_4126894685.jpg,Oxalis corniculata L.,http://creativecommons.org/licenses/by/4.0/,Duarte Frade,https://inaturalist-open-data.s3.amazonaws.com/photos/282693465/large.jpeg
neg_oxalis_corniculata_4165530468.jpg,Oxalis corniculata L.,http://creativecommons.org/licenses/by/4.0/,Andrea Albani,https://inaturalist-open-data.s3.amazonaws.com/photos/268117052/large.jpeg
neg_oxalis_corniculata_5134600246.jpg,Oxalis corniculata L.,http://creativecommons.org/licenses/by/4.0/,Ross Nairn,https://inaturalist-open-data.s3.amazonaws.com/photos/489302862/large.jpeg
neg_oxalis_corniculata_2580121899.jpg,Oxalis corniculata L.,http://creativecommons.org/publicdomain/zero/1.0/,Alan Weakley,https://inaturalist-open-data.s3.amazonaws.com/photos/63867757/large.jpg
neg_oxalis_corniculata_2580269711.jpg,Oxalis corniculata L.,http://creativecommons.org/publicdomain/zero/1.0/,Quentin Groom,https://inaturalist-open-data.s3.amazonaws.com/photos/63650389/large.jpeg
neg_oxalis_corniculata_6131038673.jpg,Oxalis corniculata L.,http://creativecommons.org/licenses/by/4.0/,Emicontained,https://inaturalist-open-data.s3.amazonaws.com/photos/124323862/large.jpeg
neg_oxalis_corniculata_3858228484.jpg,Oxalis corniculata L.,http://creativecommons.org/licenses/by/4.0/,Morgan Hay,https://inaturalist-open-data.s3.amazonaws.com/photos/63771696/large.jpeg
neg_oxalis_corniculata_2596220056.jpg,Oxalis corniculata L.,http://creativecommons.org/licenses/by/4.0/,Daniel Cahen,https://inaturalist-open-data.s3.amazonaws.com/photos/60746634/large.jpeg
neg_oxalis_corniculata_2579304854.jpg,Oxalis corniculata L.,http://creativecommons.org/licenses/by/4.0/,mfeaver,https://inaturalist-open-data.s3.amazonaws.com/photos/60862165/large.jpeg
neg_oxalis_corniculata_4440611425.jpg,Oxalis corniculata L.,http://creativecommons.org/publicdomain/zero/1.0/,Steven Cross,https://inaturalist-open-data.s3.amazonaws.com/photos/125745929/large.jpg
neg_oxalis_corniculata_4111934769.jpg,Oxalis corniculata L.,http://creativecommons.org/licenses/by/4.0/,Michiel de Groot,https://inaturalist-open-data.s3.amazonaws.com/photos/276999762/large.jpeg
neg_oxalis_corniculata_3302282867.jpg,Oxalis corniculata L.,http://creativecommons.org/licenses/by/4.0/,Alexis Tinker-Tsavalas,https://inaturalist-open-data.s3.amazonaws.com/photos/134790195/large.jpeg
neg_oxalis_corniculata_5140316793.jpg,Oxalis corniculata L.,http://creativecommons.org/licenses/by/4.0/,Uschi,https://inaturalist-open-data.s3.amazonaws.com/photos/491242427/large.jpg
neg_oxalis_corniculata_2573866346.jpg,Oxalis corniculata L.,http://creativecommons.org/licenses/by/4.0/,Alexis Tinker-Tsavalas,https://inaturalist-open-data.s3.amazonaws.com/photos/61633843/large.jpeg
neg_oxalis_corniculata_5153010663.jpg,Oxalis corniculata L.,http://creativecommons.org/publicdomain/zero/1.0/,Sinaloa Silvestre,https://inaturalist-open-data.s3.amazonaws.com/photos/494727422/large.jpeg
neg_oxalis_corniculata_6129976686.jpg,Oxalis corniculata L.,http://creativecommons.org/publicdomain/zero/1.0/,Nico,https://inaturalist-open-data.s3.amazonaws.com/photos/266594405/large.jpeg
neg_oxalis_corniculata_3343807365.jpg,Oxalis corniculata L.,http://creativecommons.org/publicdomain/zero/1.0/,Diana Foreman,https://inaturalist-open-data.s3.amazonaws.com/photos/61228603/large.jpg
neg_oxalis_corniculata_4121402806.jpg,Oxalis corniculata L.,http://creativecommons.org/licenses/by/4.0/,Markus Krieger,https://inaturalist-open-data.s3.amazonaws.com/photos/281240999/large.jpeg
neg_oxalis_corniculata_3343830374.jpg,Oxalis corniculata L.,http://creativecommons.org/licenses/by/4.0/,Gary Rogers,https://inaturalist-open-data.s3.amazonaws.com/photos/60846259/large.jpg
neg_oxalis_corniculata_4129704481.jpg,Oxalis corniculata L.,http://creativecommons.org/licenses/by/4.0/,Ahirbudhnyan M,https://inaturalist-open-data.s3.amazonaws.com/photos/280937354/large.jpeg
neg_oxalis_corniculata_2576360406.jpg,Oxalis corniculata L.,http://creativecommons.org/publicdomain/zero/1.0/,Adena Arviso,https://inaturalist-open-data.s3.amazonaws.com/photos/62377179/large.jpeg
neg_oxalis_corniculata_2579271437.jpg,Oxalis corniculata L.,http://creativecommons.org/licenses/by/4.0/,Tyler Bishop,https://inaturalist-open-data.s3.amazonaws.com/photos/63220621/large.jpg
neg_oxalis_corniculata_6184844014.jpg,Oxalis corniculata L.,http://creativecommons.org/licenses/by/4.0/,Matthew Vosper,https://inaturalist-open-data.s3.amazonaws.com/photos/124858801/large.jpeg
neg_oxalis_corniculata_4851760209.jpg,Oxalis corniculata L.,http://creativecommons.org/licenses/by/4.0/,Alex Stuart,https://inaturalist-open-data.s3.amazonaws.com/photos/372815898/large.jpg
neg_oxalis_corniculata_5153006747.jpg,Oxalis corniculata L.,http://creativecommons.org/licenses/by/4.0/,Elliot Greiner,https://inaturalist-open-data.s3.amazonaws.com/photos/486986808/large.jpg
neg_oxalis_corniculata_4111918642.jpg,Oxalis corniculata L.,http://creativecommons.org/licenses/by/4.0/,Dave Richardson,https://inaturalist-open-data.s3.amazonaws.com/photos/276698643/large.jpg
neg_oxalis_corniculata_5134712940.jpg,Oxalis corniculata L.,http://creativecommons.org/licenses/by/4.0/,Caroline Voget,https://inaturalist-open-data.s3.amazonaws.com/photos/483804218/large.jpg
neg_oxalis_corniculata_3343916445.jpg,Oxalis corniculata L.,http://creativecommons.org/licenses/by/4.0/,Victor Heng,https://inaturalist-open-data.s3.amazonaws.com/photos/125892260/large.jpeg
neg_oxalis_corniculata_6188401265.jpg,Oxalis corniculata L.,http://creativecommons.org/licenses/by/4.0/,WATANABE Hitoshi 渡辺仁,https://inaturalist-open-data.s3.amazonaws.com/photos/361592604/large.jpeg
neg_oxalis_corniculata_4127466425.jpg,Oxalis corniculata L.,http://creativecommons.org/publicdomain/zero/1.0/,Charles Joynson,https://inaturalist-open-data.s3.amazonaws.com/photos/284992436/large.jpg
neg_oxalis_corniculata_3325488435.jpg,Oxalis corniculata L.,http://creativecommons.org/publicdomain/zero/1.0/,Sean Haight,https://inaturalist-open-data.s3.amazonaws.com/photos/130909113/large.jpeg
neg_oxalis_corniculata_4946299929.jpg,Oxalis corniculata L.,http://creativecommons.org/licenses/by/4.0/,Fran Gonzalez,https://inaturalist-open-data.s3.amazonaws.com/photos/358540732/large.jpeg
neg_oxalis_corniculata_5153437295.jpg,Oxalis corniculata L.,http://creativecommons.org/licenses/by/4.0/,E. Borchert,https://inaturalist-open-data.s3.amazonaws.com/photos/498605083/large.jpeg
neg_oxalis_corniculata_4607401484.jpg,Oxalis corniculata L.,http://creativecommons.org/licenses/by/4.0/,岸本年郎,https://inaturalist-open-data.s3.amazonaws.com/photos/365050576/large.jpg
neg_oxalis_corniculata_5140227491.jpg,Oxalis corniculata L.,http://creativecommons.org/licenses/by/4.0/,Guillaume Hoffmann,https://inaturalist-open-data.s3.amazonaws.com/photos/490311086/large.jpg
neg_oxalis_corniculata_4116069730.jpg,Oxalis corniculata L.,http://creativecommons.org/publicdomain/zero/1.0/,jpuf,https://inaturalist-open-data.s3.amazonaws.com/photos/276968582/large.jpeg
neg_oxalis_corniculata_4607388413.jpg,Oxalis corniculata L.,http://creativecommons.org/publicdomain/zero/1.0/,Piermario Maculan,https://inaturalist-open-data.s3.amazonaws.com/photos/360835529/large.jpeg
neg_oxalis_corniculata_4597061256.jpg,Oxalis corniculata L.,http://creativecommons.org/licenses/by/4.0/,Alexis Tinker-Tsavalas,https://inaturalist-open-data.s3.amazonaws.com/photos/357776669/large.jpeg
neg_oxalis_corniculata_2573854589.jpg,Oxalis corniculata L.,http://creativecommons.org/licenses/by/4.0/,chiuluan,https://inaturalist-open-data.s3.amazonaws.com/photos/61888018/large.jpeg
neg_oxalis_corniculata_3302021287.jpg,Oxalis corniculata L.,http://creativecommons.org/licenses/by/4.0/,Simon Tamblyn,https://inaturalist-open-data.s3.amazonaws.com/photos/132575654/large.jpg
neg_oxalis_corniculata_2597762839.jpg,Oxalis corniculata L.,http://creativecommons.org/licenses/by/4.0/,高山田鼠,https://inaturalist-open-data.s3.amazonaws.com/photos/66108851/large.jpeg
neg_oxalis_corniculata_4126713045.jpg,Oxalis corniculata L.,http://creativecommons.org/licenses/by/4.0/,Paweł Ryszawa,https://inaturalist-open-data.s3.amazonaws.com/photos/282055028/large.jpg
neg_oxalis_corniculata_4039167328.jpg,Oxalis corniculata L.,http://creativecommons.org/publicdomain/zero/1.0/,葉子,https://inaturalist-open-data.s3.amazonaws.com/photos/62168970/large.jpeg
neg_oxalis_corniculata_4171737451.jpg,Oxalis corniculata L.,http://creativecommons.org/licenses/by/4.0/,Mehdi Chetibi,https://inaturalist-open-data.s3.amazonaws.com/photos/265951310/large.jpeg
neg_oxalis_corniculata_2596323226.jpg,Oxalis corniculata L.,http://creativecommons.org/licenses/by/4.0/,Юрий Данилевский (Yuriy Danilevsky),https://inaturalist-open-data.s3.amazonaws.com/photos/64617886/large.jpg
neg_oxalis_corniculata_4126965072.jpg,Oxalis corniculata L.,http://creativecommons.org/licenses/by/4.0/,mxlulu,https://inaturalist-open-data.s3.amazonaws.com/photos/284010529/large.jpeg
neg_oxalis_corniculata_5140073036.jpg,Oxalis corniculata L.,http://creativecommons.org/licenses/by/4.0/,Jens-Christian Svenning,https://inaturalist-open-data.s3.amazonaws.com/photos/490134778/large.jpeg
neg_oxalis_corniculata_6171382407.jpg,Oxalis corniculata L.,http://creativecommons.org/publicdomain/zero/1.0/,Kristi Zoebelein,https://inaturalist-open-data.s3.amazonaws.com/photos/120498770/large.jpeg
neg_oxalis_corniculata_3301969176.jpg,Oxalis corniculata L.,http://creativecommons.org/licenses/by/4.0/,William Stephens,https://inaturalist-open-data.s3.amazonaws.com/photos/135019999/large.jpg
neg_oxalis_corniculata_3337668529.jpg,Oxalis corniculata L.,http://creativecommons.org/publicdomain/zero/1.0/,Sean Haight,https://inaturalist-open-data.s3.amazonaws.com/photos/132230778/large.jpeg
neg_oxalis_corniculata_4597368875.jpg,Oxalis corniculata L.,http://creativecommons.org/licenses/by/4.0/,Alicia Ballard,https://inaturalist-open-data.s3.amazonaws.com/photos/356134191/large.jpg
neg_oxalis_corniculata_2597730064.jpg,Oxalis corniculata L.,http://creativecommons.org/licenses/by/4.0/,Kathy Warburton,https://inaturalist-open-data.s3.amazonaws.com/photos/65577616/large.jpeg
neg_oxalis_corniculata_2563564555.jpg,Oxalis corniculata L.,http://creativecommons.org/licenses/by/4.0/,Cheng-Tao Lin,https://inaturalist-open-data.s3.amazonaws.com/photos/60120582/large.jpg
neg_oxalis_corniculata_5134695259.jpg,Oxalis corniculata L.,http://creativecommons.org/licenses/by/4.0/,Aditya Rao,https://inaturalist-open-data.s3.amazonaws.com/photos/489680841/large.jpg
neg_oxalis_corniculata_4120855711.jpg,Oxalis corniculata L.,http://creativecommons.org/licenses/by/4.0/,winston12345,https://inaturalist-open-data.s3.amazonaws.com/photos/282533231/large.jpg
neg_oxalis_corniculata_5140821614.jpg,Oxalis corniculata L.,http://creativecommons.org/licenses/by/4.0/,ginko14,https://inaturalist-open-data.s3.amazonaws.com/photos/495478418/large.jpeg
neg_oxalis_corniculata_2597731336.jpg,Oxalis corniculata L.,http://creativecommons.org/licenses/by/4.0/,Cheng-Tao Lin,https://inaturalist-open-data.s3.amazonaws.com/photos/65735500/large.jpg
neg_oxalis_corniculata_5140160058.jpg,Oxalis corniculata L.,http://creativecommons.org/licenses/by/4.0/,Elspeth Swan,https://inaturalist-open-data.s3.amazonaws.com/photos/490950408/large.jpeg
neg_oxalis_corniculata_2603370199.jpg,Oxalis corniculata L.,http://creativecommons.org/licenses/by/4.0/,Daniel Cahen,https://inaturalist-open-data.s3.amazonaws.com/photos/67054452/large.jpeg
neg_oxalis_corniculata_4116118707.jpg,Oxalis corniculata L.,http://creativecommons.org/publicdomain/zero/1.0/,Patrick Le Mao,https://inaturalist-open-data.s3.amazonaws.com/photos/277881081/large.jpeg
neg_oxalis_corniculata_3343841370.jpg,Oxalis corniculata L.,http://creativecommons.org/publicdomain/zero/1.0/,Diana Foreman,https://inaturalist-open-data.s3.amazonaws.com/photos/63511735/large.jpg
neg_oxalis_corniculata_3994150946.jpg,Oxalis corniculata L.,http://creativecommons.org/publicdomain/zero/1.0/,Federico Biguzzi,https://inaturalist-open-data.s3.amazonaws.com/photos/247118372/large.jpeg
neg_oxalis_corniculata_2550021813.jpg,Oxalis corniculata L.,http://creativecommons.org/licenses/by/4.0/,Alexis Tinker-Tsavalas,https://inaturalist-open-data.s3.amazonaws.com/photos/59053624/large.jpeg
neg_oxalis_corniculata_2596170167.jpg,Oxalis corniculata L.,http://creativecommons.org/licenses/by/4.0/,Cheng-Tao Lin,https://inaturalist-open-data.s3.amazonaws.com/photos/65395121/large.jpg
neg_oxalis_corniculata_5140309073.jpg,Oxalis corniculata L.,http://creativecommons.org/publicdomain/zero/1.0/,Kian Hayles-Cotton,https://inaturalist-open-data.s3.amazonaws.com/photos/491709232/large.jpeg
neg_oxalis_corniculata_4607238382.jpg,Oxalis corniculata L.,http://creativecommons.org/licenses/by/4.0/,Aaron Chidwick,https://inaturalist-open-data.s3.amazonaws.com/photos/363758056/large.jpeg
neg_oxalis_corniculata_5134406770.jpg,Oxalis corniculata L.,http://creativecommons.org/licenses/by/4.0/,Doug Miller,https://inaturalist-open-data.s3.amazonaws.com/photos/488664766/large.jpg
neg_oxalis_corniculata_4607294432.jpg,Oxalis corniculata L.,http://creativecommons.org/publicdomain/zero/1.0/,Piermario Maculan,https://inaturalist-open-data.s3.amazonaws.com/photos/360815152/large.jpeg
neg_oxalis_corniculata_5140677071.jpg,Oxalis corniculata L.,http://creativecommons.org/licenses/by/4.0/,Татьяна Максимова,https://inaturalist-open-data.s3.amazonaws.com/photos/494335678/large.jpeg
neg_oxalis_corniculata_3785021360.jpg,Oxalis corniculata L.,http://creativecommons.org/licenses/by/4.0/,Alexandr Stanislavschi,https://inaturalist-open-data.s3.amazonaws.com/photos/131464070/large.jpeg
neg_oxalis_stricta_3327980074.jpg,Oxalis stricta L.,http://creativecommons.org/licenses/by/4.0/,Navin Sasikumar,https://inaturalist-open-data.s3.amazonaws.com/photos/142821228/large.jpeg
neg_oxalis_stricta_3338135039.jpg,Oxalis stricta var. rufa (Small) Farw.,http://creativecommons.org/licenses/by/4.0/,Георгий Виноградов (Georgy Vinogradov),https://inaturalist-open-data.s3.amazonaws.com/photos/150805356/large.jpg
neg_oxalis_stricta_3858188758.jpg,Oxalis stricta var. rufa (Small) Farw.,http://creativecommons.org/licenses/by/4.0/,Richard Vashalomidze,https://inaturalist-open-data.s3.amazonaws.com/photos/145835131/large.jpeg
neg_oxalis_stricta_3335547312.jpg,Oxalis stricta L.,http://creativecommons.org/licenses/by/4.0/,Pavel Kacl,https://inaturalist-open-data.s3.amazonaws.com/photos/148331503/large.jpg
neg_oxalis_stricta_3773021445.jpg,Oxalis stricta L.,http://creativecommons.org/licenses/by/4.0/,Michael,https://inaturalist-open-data.s3.amazonaws.com/photos/147858329/large.jpeg
neg_oxalis_stricta_5086881901.jpg,Oxalis stricta L.,http://creativecommons.org/publicdomain/zero/1.0/,Radosław Puchałka,https://inaturalist-open-data.s3.amazonaws.com/photos/143098584/large.jpeg
neg_oxalis_stricta_3344049385.jpg,Oxalis stricta L.,http://creativecommons.org/publicdomain/zero/1.0/,Татьяна Горбушина,https://inaturalist-open-data.s3.amazonaws.com/photos/152596731/large.jpg
neg_oxalis_stricta_3335127492.jpg,Oxalis stricta L.,http://creativecommons.org/publicdomain/zero/1.0/,Татьяна Горбушина,https://inaturalist-open-data.s3.amazonaws.com/photos/141444692/large.jpeg
neg_oxalis_stricta_3337578055.jpg,Oxalis stricta var. rufa (Small) Farw.,http://creativecommons.org/publicdomain/zero/1.0/,Marina Potapova,https://inaturalist-open-data.s3.amazonaws.com/photos/149351922/large.jpeg
neg_oxalis_stricta_3337584988.jpg,Oxalis stricta var. rufa (Small) Farw.,http://creativecommons.org/licenses/by/4.0/,Denis Otkydach,https://inaturalist-open-data.s3.amazonaws.com/photos/151183932/large.jpeg
neg_oxalis_stricta_3383935187.jpg,Oxalis stricta var. rufa (Small) Farw.,http://creativecommons.org/licenses/by/4.0/,Павлик Лисицын,https://inaturalist-open-data.s3.amazonaws.com/photos/155347833/large.jpg
neg_oxalis_stricta_3335393975.jpg,Oxalis stricta L.,http://creativecommons.org/licenses/by/4.0/,Татьяна Максимова,https://inaturalist-open-data.s3.amazonaws.com/photos/147740300/large.jpeg
neg_oxalis_stricta_3325581758.jpg,Oxalis stricta L.,http://creativecommons.org/licenses/by/4.0/,Todd Patterson,https://inaturalist-open-data.s3.amazonaws.com/photos/140638539/large.jpeg
neg_oxalis_stricta_4028814606.jpg,Oxalis stricta var. rufa (Small) Farw.,http://creativecommons.org/licenses/by/4.0/,Марина Давлетшина,https://inaturalist-open-data.s3.amazonaws.com/photos/142849367/large.jpeg
neg_oxalis_stricta_3337681850.jpg,Oxalis stricta L.,http://creativecommons.org/licenses/by/4.0/,Oleksandr Shynder,https://inaturalist-open-data.s3.amazonaws.com/photos/148687845/large.jpeg
neg_oxalis_stricta_3344101189.jpg,Oxalis stricta var. rufa (Small) Farw.,http://creativecommons.org/licenses/by/4.0/,snaily_naily,https://inaturalist-open-data.s3.amazonaws.com/photos/153351386/large.jpg
neg_oxalis_stricta_3335369482.jpg,Oxalis stricta L.,http://creativecommons.org/publicdomain/zero/1.0/,Татьяна Горбушина,https://inaturalist-open-data.s3.amazonaws.com/photos/142951431/large.jpg
neg_oxalis_stricta_3455262232.jpg,Oxalis stricta L.,http://creativecommons.org/licenses/by/4.0/,Oleksii Vasyliuk,https://inaturalist-open-data.s3.amazonaws.com/photos/151401797/large.jpg
neg_oxalis_stricta_6552454795.jpg,Oxalis stricta L.,http://creativecommons.org/licenses/by/4.0/,lekhaim katalpa,https://inaturalist-open-data.s3.amazonaws.com/photos/149426066/large.jpeg
neg_oxalis_stricta_4096425410.jpg,Oxalis stricta L.,http://creativecommons.org/publicdomain/zero/1.0/,Carter Dorscht,https://inaturalist-open-data.s3.amazonaws.com/photos/144337811/large.jpeg
neg_oxalis_stricta_3355309713.jpg,Oxalis stricta L.,http://creativecommons.org/licenses/by/4.0/,Eric Schmidt,https://inaturalist-open-data.s3.amazonaws.com/photos/154866119/large.jpg
neg_oxalis_stricta_3330744999.jpg,Oxalis stricta var. rufa (Small) Farw.,http://creativecommons.org/licenses/by/4.0/,Оксана Серикова,https://inaturalist-open-data.s3.amazonaws.com/photos/144388734/large.jpeg
neg_oxalis_stricta_4028675465.jpg,Oxalis stricta var. rufa (Small) Farw.,http://creativecommons.org/licenses/by/4.0/,Марина Давлетшина,https://inaturalist-open-data.s3.amazonaws.com/photos/149848068/large.jpeg
neg_oxalis_stricta_3335315914.jpg,Oxalis stricta L.,http://creativecommons.org/publicdomain/zero/1.0/,Adam Kranz,https://inaturalist-open-data.s3.amazonaws.com/photos/147646677/large.jpeg
neg_oxalis_stricta_4952833497.jpg,Oxalis stricta var. rufa (Small) Farw.,http://creativecommons.org/licenses/by/4.0/,Андрей Козлов,https://inaturalist-open-data.s3.amazonaws.com/photos/172326115/large.jpeg
neg_oxalis_stricta_3384408124.jpg,Oxalis stricta L.,http://creativecommons.org/licenses/by/4.0/,Eric Schmidt,https://inaturalist-open-data.s3.amazonaws.com/photos/157666495/large.jpg
neg_oxalis_stricta_3747243473.jpg,Oxalis stricta L.,http://creativecommons.org/licenses/by/4.0/,Eric Schmidt,https://inaturalist-open-data.s3.amazonaws.com/photos/167960679/large.jpg
neg_oxalis_stricta_4852588501.jpg,Oxalis stricta var. rufa (Small) Farw.,http://creativecommons.org/licenses/by/4.0/,Ксения Кузьмичева,https://inaturalist-open-data.s3.amazonaws.com/photos/152709803/large.jpg
neg_oxalis_stricta_3337409269.jpg,Oxalis stricta L.,http://creativecommons.org/licenses/by/4.0/,Eric Schmidt,https://inaturalist-open-data.s3.amazonaws.com/photos/149091135/large.jpg
neg_oxalis_stricta_3994093411.jpg,Oxalis stricta L.,http://creativecommons.org/licenses/by/4.0/,Oleksandr Shynder,https://inaturalist-open-data.s3.amazonaws.com/photos/150502803/large.jpeg
neg_oxalis_stricta_4165437357.jpg,Oxalis stricta L.,http://creativecommons.org/licenses/by/4.0/,Neli Kanonerova,https://inaturalist-open-data.s3.amazonaws.com/photos/150755967/large.jpg
neg_oxalis_stricta_3415768786.jpg,Oxalis stricta L.,http://creativecommons.org/licenses/by/4.0/,Lindsey G.,https://inaturalist-open-data.s3.amazonaws.com/photos/151065348/large.jpg
neg_oxalis_stricta_3384294094.jpg,Oxalis stricta L.,http://creativecommons.org/licenses/by/4.0/,aga_l_,https://inaturalist-open-data.s3.amazonaws.com/photos/152551249/large.jpeg
neg_oxalis_stricta_3355507771.jpg,Oxalis stricta var. rufa (Small) Farw.,http://creativecommons.org/licenses/by/4.0/,Татьяна Максимова,https://inaturalist-open-data.s3.amazonaws.com/photos/151250898/large.jpeg
neg_oxalis_stricta_3772704440.jpg,Oxalis stricta L.,http://creativecommons.org/licenses/by/4.0/,Patrick Meurin,https://inaturalist-open-data.s3.amazonaws.com/photos/141761957/large.jpeg
neg_oxalis_stricta_3330837408.jpg,Oxalis stricta L.,http://creativecommons.org/licenses/by/4.0/,Eric Schmidt,https://inaturalist-open-data.s3.amazonaws.com/photos/145071178/large.jpg
neg_oxalis_stricta_3355218015.jpg,Oxalis stricta var. rufa (Small) Farw.,http://creativecommons.org/publicdomain/zero/1.0/,Marina Potapova,https://inaturalist-open-data.s3.amazonaws.com/photos/153619318/large.jpeg
neg_oxalis_stricta_5935539414.jpg,Oxalis stricta L.,http://creativecommons.org/licenses/by/4.0/,Dmitriy Bochkov,https://inaturalist-open-data.s3.amazonaws.com/photos/173212497/large.jpg
neg_oxalis_stricta_3466084461.jpg,Oxalis stricta L.,http://creativecommons.org/licenses/by/4.0/,Mikhail Morozov,https://inaturalist-open-data.s3.amazonaws.com/photos/141712010/large.jpeg
neg_oxalis_stricta_6551498687.jpg,Oxalis stricta L.,http://creativecommons.org/licenses/by/4.0/,lekhaim katalpa,https://inaturalist-open-data.s3.amazonaws.com/photos/147731711/large.jpeg
neg_oxalis_stricta_3383859941.jpg,Oxalis stricta L.,http://creativecommons.org/licenses/by/4.0/,Jeff Hansen,https://inaturalist-open-data.s3.amazonaws.com/photos/148729692/large.jpeg
neg_oxalis_stricta_4029054613.jpg,Oxalis stricta L.,http://creativecommons.org/licenses/by/4.0/,Jean Sorensen,https://inaturalist-open-data.s3.amazonaws.com/photos/147282709/large.jpeg
neg_oxalis_stricta_3343716996.jpg,Oxalis stricta var. rufa (Small) Farw.,http://creativecommons.org/licenses/by/4.0/,Юлия,https://inaturalist-open-data.s3.amazonaws.com/photos/152317240/large.jpeg
neg_oxalis_stricta_4028882588.jpg,Oxalis stricta var. rufa (Small) Farw.,http://creativecommons.org/licenses/by/4.0/,Марина Давлетшина,https://inaturalist-open-data.s3.amazonaws.com/photos/142849412/large.jpeg
neg_oxalis_stricta_3355037776.jpg,Oxalis stricta var. rufa (Small) Farw.,http://creativecommons.org/licenses/by/4.0/,Марина Садыкова,https://inaturalist-open-data.s3.amazonaws.com/photos/150726945/large.jpeg
neg_oxalis_stricta_3355798487.jpg,Oxalis stricta L.,http://creativecommons.org/licenses/by/4.0/,Tristan Haab,https://inaturalist-open-data.s3.amazonaws.com/photos/154513633/large.jpeg
neg_oxalis_stricta_3858180756.jpg,Oxalis stricta var. rufa (Small) Farw.,http://creativecommons.org/licenses/by/4.0/,Richard Vashalomidze,https://inaturalist-open-data.s3.amazonaws.com/photos/146148396/large.jpeg
neg_oxalis_stricta_3384332409.jpg,Oxalis stricta L.,http://creativecommons.org/licenses/by/4.0/,Steven Lamonde,https://inaturalist-open-data.s3.amazonaws.com/photos/158150867/large.jpg
neg_oxalis_stricta_5166822377.jpg,Oxalis stricta L.,http://creativecommons.org/licenses/by/4.0/,Deana Tempest Thomas,https://inaturalist-open-data.s3.amazonaws.com/photos/140211763/large.jpg
neg_oxalis_stricta_4177064455.jpg,Oxalis stricta L.,http://creativecommons.org/licenses/by/4.0/,Brandon Corder,https://inaturalist-open-data.s3.amazonaws.com/photos/149036775/large.jpeg
neg_oxalis_stricta_3330833396.jpg,Oxalis stricta L.,http://creativecommons.org/licenses/by/4.0/,Eric Schmidt,https://inaturalist-open-data.s3.amazonaws.com/photos/145071200/large.jpg
neg_oxalis_stricta_3325485233.jpg,Oxalis stricta var. rufa (Small) Farw.,http://creativecommons.org/licenses/by/4.0/,Anastasia_Surkova,https://inaturalist-open-data.s3.amazonaws.com/photos/141408992/large.jpeg
neg_oxalis_stricta_3337752836.jpg,Oxalis stricta L.,http://creativecommons.org/licenses/by/4.0/,Repina Tatyana,https://inaturalist-open-data.s3.amazonaws.com/photos/147978165/large.jpeg
neg_oxalis_stricta_3747267462.jpg,Oxalis stricta L.,http://creativecommons.org/licenses/by/4.0/,Tim Johnson,https://inaturalist-open-data.s3.amazonaws.com/photos/175733842/large.jpg
neg_oxalis_stricta_3343781575.jpg,Oxalis stricta var. rufa (Small) Farw.,http://creativecommons.org/licenses/by/4.0/,Dmitriy Bochkov,https://inaturalist-open-data.s3.amazonaws.com/photos/152024719/large.jpg
neg_oxalis_stricta_6320376780.jpg,Oxalis stricta L.,http://creativecommons.org/licenses/by/4.0/,MartinHorák,https://inaturalist-open-data.s3.amazonaws.com/photos/142379781/large.jpeg
neg_oxalis_stricta_3333268782.jpg,Oxalis stricta L.,http://creativecommons.org/licenses/by/4.0/,dschigel,https://inaturalist-open-data.s3.amazonaws.com/photos/145798869/large.jpg
neg_oxalis_stricta_3355714415.jpg,Oxalis stricta L.,http://creativecommons.org/publicdomain/zero/1.0/,Kate Manning,https://inaturalist-open-data.s3.amazonaws.com/photos/154380745/large.jpg
neg_oxalis_stricta_5086862939.jpg,Oxalis stricta L.,http://creativecommons.org/publicdomain/zero/1.0/,Radosław Puchałka,https://inaturalist-open-data.s3.amazonaws.com/photos/143570284/large.jpeg
neg_oxalis_stricta_3383851111.jpg,Oxalis stricta L.,http://creativecommons.org/licenses/by/4.0/,Olena V. Vakarenko,https://inaturalist-open-data.s3.amazonaws.com/photos/151976560/large.jpeg
neg_oxalis_stricta_3455771482.jpg,Oxalis stricta L.,http://creativecommons.org/licenses/by/4.0/,Dmitriy Bochkov,https://inaturalist-open-data.s3.amazonaws.com/photos/171561258/large.jpg
neg_oxalis_stricta_3355417389.jpg,Oxalis stricta L.,http://creativecommons.org/licenses/by/4.0/,Eric Schmidt,https://inaturalist-open-data.s3.amazonaws.com/photos/154260529/large.jpg
neg_oxalis_stricta_5086908064.jpg,Oxalis stricta L.,http://creativecommons.org/publicdomain/zero/1.0/,Radosław Puchałka,https://inaturalist-open-data.s3.amazonaws.com/photos/153653153/large.jpeg
neg_oxalis_stricta_6130876359.jpg,Oxalis stricta L.,http://creativecommons.org/licenses/by/4.0/,Владимир Дворкин,https://inaturalist-open-data.s3.amazonaws.com/photos/136334982/large.jpeg
neg_oxalis_stricta_5086887993.jpg,Oxalis stricta var. rufa (Small) Farw.,http://creativecommons.org/licenses/by/4.0/,Макар Михайлов,https://inaturalist-open-data.s3.amazonaws.com/photos/150709482/large.jpeg
neg_oxalis_stricta_4022025457.jpg,Oxalis stricta L.,http://creativecommons.org/licenses/by/4.0/,scaup,https://inaturalist-open-data.s3.amazonaws.com/photos/147901255/large.jpg
neg_oxalis_stricta_3337824233.jpg,Oxalis stricta var. rufa (Small) Farw.,http://creativecommons.org/licenses/by/4.0/,iljar,https://inaturalist-open-data.s3.amazonaws.com/photos/151122232/large.jpeg
neg_oxalis_stricta_3333124970.jpg,Oxalis stricta var. rufa (Small) Farw.,http://creativecommons.org/licenses/by/4.0/,snaily_naily,https://inaturalist-open-data.s3.amazonaws.com/photos/146096992/large.jpg
neg_oxalis_stricta_3327787883.jpg,Oxalis stricta var. rufa (Small) Farw.,http://creativecommons.org/licenses/by/4.0/,Anastasia_Surkova,https://inaturalist-open-data.s3.amazonaws.com/photos/142418929/large.jpeg
neg_oxalis_stricta_5086910006.jpg,Oxalis stricta L.,http://creativecommons.org/publicdomain/zero/1.0/,Radosław Puchałka,https://inaturalist-open-data.s3.amazonaws.com/photos/153870921/large.jpeg
neg_oxalis_stricta_3337383886.jpg,Oxalis stricta L.,http://creativecommons.org/publicdomain/zero/1.0/,Mary Crickmore,https://inaturalist-open-data.s3.amazonaws.com/photos/148198389/large.jpg
neg_oxalis_stricta_3398775259.jpg,Oxalis stricta var. rufa (Small) Farw.,http://creativecommons.org/licenses/by/4.0/,Dmitriy Bochkov,https://inaturalist-open-data.s3.amazonaws.com/photos/163957478/large.jpg
neg_oxalis_stricta_3456155235.jpg,Oxalis stricta L.,http://creativecommons.org/licenses/by/4.0/,aga_l_,https://inaturalist-open-data.s3.amazonaws.com/photos/151177235/large.jpeg
neg_oxalis_stricta_3327714038.jpg,Oxalis stricta var. rufa (Small) Farw.,http://creativecommons.org/licenses/by/4.0/,Mikhail Morozov,https://inaturalist-open-data.s3.amazonaws.com/photos/142712307/large.jpeg
neg_oxalis_stricta_3325556981.jpg,Oxalis stricta L.,http://creativecommons.org/licenses/by/4.0/,Kalvin Chan,https://inaturalist-open-data.s3.amazonaws.com/photos/141075280/large.jpeg
neg_oxalis_stricta_3384793912.jpg,Oxalis stricta L.,http://creativecommons.org/licenses/by/4.0/,Katrin Simon,https://inaturalist-open-data.s3.amazonaws.com/photos/157394914/large.jpg
neg_oxalis_stricta_3333297988.jpg,Oxalis stricta L.,http://creativecommons.org/licenses/by/4.0/,Andrew Sebastian,https://inaturalist-open-data.s3.amazonaws.com/photos/146146533/large.jpg
neg_oxalis_stricta_3325828921.jpg,Oxalis stricta L.,http://creativecommons.org/licenses/by/4.0/,Alexis Tinker-Tsavalas,https://inaturalist-open-data.s3.amazonaws.com/photos/140842668/large.jpeg
neg_oxalis_stricta_3330597451.jpg,Oxalis stricta var. rufa (Small) Farw.,http://creativecommons.org/licenses/by/4.0/,Yurii Basov,https://inaturalist-open-data.s3.amazonaws.com/photos/145355342/large.jpeg
neg_oxalis_stricta_6441982348.jpg,Oxalis stricta L.,http://creativecommons.org/licenses/by/4.0/,earl woolsey,https://inaturalist-open-data.s3.amazonaws.com/photos/145000564/large.jpg
neg_oxalis_stricta_3333260050.jpg,Oxalis stricta L.,http://creativecommons.org/licenses/by/4.0/,Quinten Wiegersma,https://inaturalist-open-data.s3.amazonaws.com/photos/146214943/large.jpeg
neg_oxalis_stricta_3455737664.jpg,Oxalis stricta L.,http://creativecommons.org/licenses/by/4.0/,Marilyne Busque-Dubois,https://inaturalist-open-data.s3.amazonaws.com/photos/150093557/large.jpg
neg_oxalis_stricta_3327760635.jpg,Oxalis stricta L.,http://creativecommons.org/licenses/by/4.0/,Oleksandr Shynder,https://inaturalist-open-data.s3.amazonaws.com/photos/142085407/large.jpeg
neg_oxalis_stricta_3384732645.jpg,Oxalis stricta L.,http://creativecommons.org/licenses/by/4.0/,MartinHorák,https://inaturalist-open-data.s3.amazonaws.com/photos/160261585/large.jpeg
neg_oxalis_stricta_5187812334.jpg,Oxalis stricta L.,http://creativecommons.org/licenses/by/4.0/,Alexis Tinker-Tsavalas,https://inaturalist-open-data.s3.amazonaws.com/photos/138980474/large.jpeg
neg_oxalis_stricta_3384871801.jpg,Oxalis stricta L.,http://creativecommons.org/publicdomain/zero/1.0/,Étienne Lacroix-Carignan,https://inaturalist-open-data.s3.amazonaws.com/photos/158956190/large.jpeg
neg_oxalis_stricta_4015007440.jpg,Oxalis stricta var. rufa (Small) Farw.,http://creativecommons.org/licenses/by/4.0/,Дмитрий Дунин,https://inaturalist-open-data.s3.amazonaws.com/photos/151943875/large.jpeg
neg_oxalis_stricta_4177227458.jpg,Oxalis stricta L.,http://creativecommons.org/publicdomain/zero/1.0/,anneleen_kool,https://inaturalist-open-data.s3.amazonaws.com/photos/148275032/large.jpg
neg_oxalis_stricta_3355121187.jpg,Oxalis stricta L.,http://creativecommons.org/licenses/by/4.0/,Aleksei Baushev,https://inaturalist-open-data.s3.amazonaws.com/photos/153983891/large.jpeg
neg_oxalis_stricta_3759772698.jpg,Oxalis stricta L.,http://creativecommons.org/publicdomain/zero/1.0/,John Kees,https://inaturalist-open-data.s3.amazonaws.com/photos/151469510/large.jpg
neg_oxalis_stricta_3325860405.jpg,Oxalis stricta var. rufa (Small) Farw.,http://creativecommons.org/licenses/by/4.0/,Mikhail Morozov,https://inaturalist-open-data.s3.amazonaws.com/photos/141712338/large.jpeg
neg_oxalis_stricta_3335483612.jpg,Oxalis stricta L.,http://creativecommons.org/licenses/by/4.0/,alicia penney,https://inaturalist-open-data.s3.amazonaws.com/photos/148769053/large.jpg
neg_oxalis_stricta_3384272770.jpg,Oxalis stricta L.,http://creativecommons.org/licenses/by/4.0/,olrett,https://inaturalist-open-data.s3.amazonaws.com/photos/158834563/large.jpg
neg_oxalis_stricta_3344100606.jpg,Oxalis stricta L.,http://creativecommons.org/licenses/by/4.0/,bogsuckers,https://inaturalist-open-data.s3.amazonaws.com/photos/152793136/large.jpeg
neg_oxalis_stricta_3385121473.jpg,Oxalis stricta L.,http://creativecommons.org/licenses/by/4.0/,Ben Armstrong,https://inaturalist-open-data.s3.amazonaws.com/photos/158330205/large.jpeg
neg_oxalis_stricta_3385005634.jpg,Oxalis stricta L.,http://creativecommons.org/licenses/by/4.0/,Dan Riley,https://inaturalist-open-data.s3.amazonaws.com/photos/158602355/large.jpeg
neg_oxalis_stricta_3456945613.jpg,Oxalis stricta var. rufa (Small) Farw.,http://creativecommons.org/licenses/by/4.0/,Поляков Александр,https://inaturalist-open-data.s3.amazonaws.com/photos/155153222/large.jpeg
neg_oxalis_stricta_3384972658.jpg,Oxalis stricta L.,http://creativecommons.org/publicdomain/zero/1.0/,cjdecker,https://inaturalist-open-data.s3.amazonaws.com/photos/158642547/large.jpg
neg_oxalis_stricta_3384033015.jpg,Oxalis stricta L.,http://creativecommons.org/publicdomain/zero/1.0/,Силаева Татьяна Борисовна,https://inaturalist-open-data.s3.amazonaws.com/photos/159192640/large.jpeg
neg_oxalis_dillenii_2005257067.jpg,Oxalis dillenii Jacq.,http://creativecommons.org/licenses/by/4.0/,Ashwin Srinivasan,https://inaturalist-open-data.s3.amazonaws.com/photos/15354533/large.jpeg
neg_oxalis_dillenii_2397485732.jpg,Oxalis dillenii Jacq.,http://creativecommons.org/licenses/by/4.0/,Cody Stricker,https://inaturalist-open-data.s3.amazonaws.com/photos/45208104/large.jpg
neg_oxalis_dillenii_2873734005.jpg,Oxalis dillenii Jacq.,http://creativecommons.org/licenses/by/4.0/,Sam Kieschnick,https://inaturalist-open-data.s3.amazonaws.com/photos/97516170/large.jpg
neg_oxalis_dillenii_3070531558.jpg,Oxalis dillenii Jacq.,http://creativecommons.org/licenses/by/4.0/,Northcut,https://inaturalist-open-data.s3.amazonaws.com/photos/34392607/large.jpg
neg_oxalis_dillenii_2005256358.jpg,Oxalis dillenii Jacq.,http://creativecommons.org/licenses/by/4.0/,Tyler Bishop,https://inaturalist-open-data.s3.amazonaws.com/photos/14433630/large.jpeg
neg_oxalis_dillenii_3355036335.jpg,Oxalis dillenii Jacq.,http://creativecommons.org/licenses/by/4.0/,"Kim, Hyun-tae",https://inaturalist-open-data.s3.amazonaws.com/photos/38317193/large.jpg
neg_oxalis_dillenii_2236256422.jpg,Oxalis dillenii Jacq.,http://creativecommons.org/licenses/by/4.0/,Roz Hunter,https://inaturalist-open-data.s3.amazonaws.com/photos/34373046/large.jpg
neg_oxalis_dillenii_2242793053.jpg,Oxalis dillenii Jacq.,http://creativecommons.org/licenses/by/4.0/,Zihao Wang,https://inaturalist-open-data.s3.amazonaws.com/photos/37467609/large.jpg
neg_oxalis_dillenii_2856514328.jpg,Oxalis dillenii Jacq.,http://creativecommons.org/publicdomain/zero/1.0/,Adam Kranz,https://inaturalist-open-data.s3.amazonaws.com/photos/41201424/large.jpeg
neg_oxalis_dillenii_3335299441.jpg,Oxalis dillenii Jacq.,http://creativecommons.org/licenses/by/4.0/,Wendy McCrady,https://inaturalist-open-data.s3.amazonaws.com/photos/148601054/large.jpg
neg_oxalis_dillenii_2873927341.jpg,Oxalis dillenii Jacq.,http://creativecommons.org/licenses/by/4.0/,Sam Kieschnick,https://inaturalist-open-data.s3.amazonaws.com/photos/97757264/large.jpg
neg_oxalis_dillenii_1899769369.jpg,Oxalis dillenii Jacq.,http://creativecommons.org/licenses/by/4.0/,Frederick Nunley,https://inaturalist-open-data.s3.amazonaws.com/photos/23737448/large.jpg
neg_oxalis_dillenii_2465285611.jpg,Oxalis dillenii Jacq.,http://creativecommons.org/publicdomain/zero/1.0/,lanechaffin,https://inaturalist-open-data.s3.amazonaws.com/photos/57234153/large.jpg
neg_oxalis_dillenii_2366022543.jpg,Oxalis dillenii Jacq.,http://creativecommons.org/licenses/by/4.0/,aarongunnar,https://inaturalist-open-data.s3.amazonaws.com/photos/43321097/large.jpg
neg_oxalis_dillenii_2013022861.jpg,Oxalis dillenii Jacq.,http://creativecommons.org/licenses/by/4.0/,Sam Kieschnick,https://inaturalist-open-data.s3.amazonaws.com/photos/32491522/large.jpg
neg_oxalis_dillenii_4597254378.jpg,Oxalis dillenii Jacq.,http://creativecommons.org/publicdomain/zero/1.0/,Yann Kemper,https://inaturalist-open-data.s3.amazonaws.com/photos/38179264/large.jpeg
neg_oxalis_dillenii_1841255405.jpg,Oxalis dillenii Jacq.,http://creativecommons.org/licenses/by/4.0/,Kelsey Low,https://inaturalist-open-data.s3.amazonaws.com/photos/16865147/large.jpeg
neg_oxalis_dillenii_2242799037.jpg,Oxalis dillenii Jacq.,http://creativecommons.org/licenses/by/4.0/,Sam Kieschnick,https://inaturalist-open-data.s3.amazonaws.com/photos/37729144/large.jpg
neg_oxalis_dillenii_2005256461.jpg,Oxalis dillenii Jacq.,http://creativecommons.org/licenses/by/4.0/,Tyler Bishop,https://inaturalist-open-data.s3.amazonaws.com/photos/14566207/large.jpeg
neg_oxalis_dillenii_4596759379.jpg,Oxalis dillenii Jacq.,http://creativecommons.org/publicdomain/zero/1.0/,Yann Kemper,https://inaturalist-open-data.s3.amazonaws.com/photos/42833433/large.jpeg
neg_oxalis_dillenii_6551617448.jpg,Oxalis dillenii Jacq.,http://creativecommons.org/publicdomain/zero/1.0/,Quentin Groom,https://inaturalist-open-data.s3.amazonaws.com/photos/48847815/large.jpeg
neg_oxalis_dillenii_1990438599.jpg,Oxalis dillenii Jacq.,http://creativecommons.org/publicdomain/zero/1.0/,Diana Foreman,https://inaturalist-open-data.s3.amazonaws.com/photos/16677148/large.jpg
neg_oxalis_dillenii_2862519869.jpg,Oxalis dillenii Jacq.,http://creativecommons.org/licenses/by/4.0/,Annika Lindqvist,https://inaturalist-open-data.s3.amazonaws.com/photos/93779588/large.jpeg
neg_oxalis_dillenii_2422853790.jpg,Oxalis dillenii Jacq.,http://creativecommons.org/licenses/by/4.0/,Stan Rullman,https://inaturalist-open-data.s3.amazonaws.com/photos/43517211/large.jpeg
neg_oxalis_dillenii_1899750496.jpg,Oxalis dillenii Jacq.,http://creativecommons.org/licenses/by/4.0/,Tyler Bishop,https://inaturalist-open-data.s3.amazonaws.com/photos/16914220/large.jpeg
neg_oxalis_dillenii_2236244426.jpg,Oxalis dillenii Jacq.,http://creativecommons.org/licenses/by/4.0/,Sam Kieschnick,https://inaturalist-open-data.s3.amazonaws.com/photos/34301901/large.jpg
neg_oxalis_dillenii_2856681384.jpg,Oxalis dillenii Jacq.,http://creativecommons.org/licenses/by/4.0/,Emily Summerbell,https://inaturalist-open-data.s3.amazonaws.com/photos/92013436/large.jpg
neg_oxalis_dillenii_1993701525.jpg,Oxalis dillenii Jacq.,http://creativecommons.org/publicdomain/zero/1.0/,Ken Kneidel,https://inaturalist-open-data.s3.amazonaws.com/photos/15003997/large.jpg
neg_oxalis_dillenii_1986507336.jpg,Oxalis dillenii Jacq.,http://creativecommons.org/publicdomain/zero/1.0/,Calinsdad,https://inaturalist-open-data.s3.amazonaws.com/photos/25730387/large.jpeg
neg_oxalis_dillenii_2366033116.jpg,Oxalis dillenii Jacq.,http://creativecommons.org/licenses/by/4.0/,Ashwin Srinivasan,https://inaturalist-open-data.s3.amazonaws.com/photos/47288256/large.jpg
neg_oxalis_dillenii_1990445368.jpg,Oxalis dillenii Jacq.,http://creativecommons.org/publicdomain/zero/1.0/,Yann Kemper,https://inaturalist-open-data.s3.amazonaws.com/photos/21082744/large.jpg
neg_oxalis_dillenii_2251838449.jpg,Oxalis dillenii Jacq.,http://creativecommons.org/licenses/by/4.0/,Roz Hunter,https://inaturalist-open-data.s3.amazonaws.com/photos/36729559/large.jpg
neg_oxalis_dillenii_1848750427.jpg,Oxalis dillenii Jacq.,http://creativecommons.org/publicdomain/zero/1.0/,Rod,https://inaturalist-open-data.s3.amazonaws.com/photos/14620170/large.jpeg
neg_oxalis_dillenii_1880467624.jpg,Oxalis dillenii Jacq.,http://creativecommons.org/licenses/by/4.0/,Tyler Bishop,https://inaturalist-open-data.s3.amazonaws.com/photos/18783543/large.jpeg
neg_oxalis_dillenii_2005302297.jpg,Oxalis dillenii Jacq.,http://creativecommons.org/licenses/by/4.0/,aarongunnar,https://inaturalist-open-data.s3.amazonaws.com/photos/31254018/large.jpg
neg_oxalis_dillenii_2234749518.jpg,Oxalis dillenii Jacq.,http://creativecommons.org/licenses/by/4.0/,Joel Dunnington MD,https://inaturalist-open-data.s3.amazonaws.com/photos/33259505/large.jpg
neg_oxalis_dillenii_2238931494.jpg,Oxalis dillenii Jacq.,http://creativecommons.org/licenses/by/4.0/,Annika Lindqvist,https://inaturalist-open-data.s3.amazonaws.com/photos/36852122/large.jpeg
neg_oxalis_dillenii_3044812391.jpg,Oxalis dillenii Jacq.,http://creativecommons.org/licenses/by/4.0/,Annika Lindqvist,https://inaturalist-open-data.s3.amazonaws.com/photos/113147282/large.jpeg
neg_oxalis_dillenii_2366019334.jpg,Oxalis dillenii Jacq.,http://creativecommons.org/licenses/by/4.0/,aarongunnar,https://inaturalist-open-data.s3.amazonaws.com/photos/40798971/large.jpg
neg_oxalis_dillenii_4936947783.jpg,Oxalis dillenii Jacq.,http://creativecommons.org/publicdomain/zero/1.0/,Brian Dickerson,https://inaturalist-open-data.s3.amazonaws.com/photos/42947324/large.jpeg
neg_oxalis_dillenii_1850904476.jpg,Oxalis dillenii Jacq.,http://creativecommons.org/licenses/by/4.0/,Jonathan Layman,https://inaturalist-open-data.s3.amazonaws.com/photos/18556223/large.jpg
neg_oxalis_dillenii_1946325834.jpg,Oxalis dillenii Jacq.,http://creativecommons.org/publicdomain/zero/1.0/,Diana Foreman,https://inaturalist-open-data.s3.amazonaws.com/photos/28468490/large.jpg
neg_oxalis_dillenii_1913698188.jpg,Oxalis dillenii Jacq.,http://creativecommons.org/licenses/by/4.0/,carnifex,https://inaturalist-open-data.s3.amazonaws.com/photos/25119846/large.jpeg
neg_oxalis_dillenii_2517944779.jpg,Oxalis dillenii Jacq.,http://creativecommons.org/licenses/by/4.0/,Mihajlo Tomić,https://inaturalist-open-data.s3.amazonaws.com/photos/29199332/large.jpeg
neg_oxalis_dillenii_2868170844.jpg,Oxalis dillenii Jacq.,http://creativecommons.org/licenses/by/4.0/,Sam Kieschnick,https://inaturalist-open-data.s3.amazonaws.com/photos/97022866/large.jpg
neg_oxalis_dillenii_4599731357.jpg,Oxalis dillenii Jacq.,http://creativecommons.org/licenses/by/4.0/,Joseph McPhail,https://inaturalist-open-data.s3.amazonaws.com/photos/42539990/large.jpg
neg_oxalis_dillenii_2980974830.jpg,Oxalis dillenii Jacq.,http://creativecommons.org/licenses/by/4.0/,WATANABE Hitoshi 渡辺仁,https://inaturalist-open-data.s3.amazonaws.com/photos/102720746/large.jpg
neg_oxalis_dillenii_2237471008.jpg,Oxalis dillenii Jacq.,http://creativecommons.org/licenses/by/4.0/,Sam Kieschnick,https://inaturalist-open-data.s3.amazonaws.com/photos/35387842/large.jpg
neg_oxalis_dillenii_2818501172.jpg,Oxalis dillenii Jacq.,http://creativecommons.org/licenses/by/4.0/,Alexis Tinker-Tsavalas,https://inaturalist-open-data.s3.amazonaws.com/photos/84246250/large.jpeg
neg_oxalis_dillenii_1880608873.jpg,Oxalis dillenii Jacq.,http://creativecommons.org/licenses/by/4.0/,Dilrukshan Priyantha Wijesinghe,https://inaturalist-open-data.s3.amazonaws.com/photos/20589735/large.jpeg
neg_oxalis_dillenii_2988304124.jpg,Oxalis dillenii Jacq.,http://creativecommons.org/licenses/by/4.0/,Sam Kieschnick,https://inaturalist-open-data.s3.amazonaws.com/photos/104519755/large.jpg
neg_oxalis_dillenii_2883090093.jpg,Oxalis dillenii Jacq.,http://creativecommons.org/licenses/by/4.0/,Sam Kieschnick,https://inaturalist-open-data.s3.amazonaws.com/photos/98821282/large.jpg
neg_oxalis_dillenii_2265866198.jpg,Oxalis dillenii Jacq.,http://creativecommons.org/licenses/by/4.0/,Sam Kieschnick,https://inaturalist-open-data.s3.amazonaws.com/photos/41597015/large.jpg
neg_oxalis_dillenii_2573799839.jpg,Oxalis dillenii Jacq.,http://creativecommons.org/licenses/by/4.0/,John P Friel,https://inaturalist-open-data.s3.amazonaws.com/photos/37163399/large.jpeg
neg_oxalis_dillenii_3924998343.jpg,Oxalis dillenii Jacq.,http://creativecommons.org/publicdomain/zero/1.0/,Tobias Schönberg,https://inaturalist-open-data.s3.amazonaws.com/photos/46253415/large.jpeg
neg_oxalis_dillenii_1880463906.jpg,Oxalis dillenii Jacq.,http://creativecommons.org/licenses/by/4.0/,Mary Spilman,https://inaturalist-open-data.s3.amazonaws.com/photos/18033660/large.jpg
neg_oxalis_dillenii_1802620089.jpg,Oxalis dillenii Jacq.,http://creativecommons.org/licenses/by-sa/4.0/,Andreas Rockstein,https://inaturalist-open-data.s3.amazonaws.com/photos/7855722/large.jpg
neg_oxalis_dillenii_1850963446.jpg,Oxalis dillenii Jacq.,http://creativecommons.org/publicdomain/zero/1.0/,Yann Kemper,https://inaturalist-open-data.s3.amazonaws.com/photos/19552556/large.jpg
neg_oxalis_dillenii_4171519368.jpg,Oxalis dillenii Jacq.,http://creativecommons.org/licenses/by/4.0/,Randy A Nonenmacher,https://inaturalist-open-data.s3.amazonaws.com/photos/86083381/large.jpg
neg_oxalis_dillenii_1993701641.jpg,Oxalis dillenii Jacq.,http://creativecommons.org/publicdomain/zero/1.0/,Ken Kneidel,https://inaturalist-open-data.s3.amazonaws.com/photos/15432411/large.jpeg
neg_oxalis_dillenii_2429210028.jpg,Oxalis dillenii Jacq.,http://creativecommons.org/publicdomain/zero/1.0/,Quentin Groom,https://inaturalist-open-data.s3.amazonaws.com/photos/41745839/large.jpeg
neg_oxalis_dillenii_1935581380.jpg,Oxalis dillenii Jacq.,http://creativecommons.org/licenses/by/4.0/,carnifex,https://inaturalist-open-data.s3.amazonaws.com/photos/25163745/large.jpeg
neg_oxalis_dillenii_2366060041.jpg,Oxalis dillenii Jacq.,http://creativecommons.org/publicdomain/zero/1.0/,Quentin Groom,https://inaturalist-open-data.s3.amazonaws.com/photos/48423305/large.jpeg
neg_oxalis_dillenii_4945665915.jpg,Oxalis dillenii Jacq.,http://creativecommons.org/licenses/by/4.0/,Wes Copas,https://inaturalist-open-data.s3.amazonaws.com/photos/33320228/large.jpg
neg_oxalis_dillenii_2609067098.jpg,Oxalis dillenii Jacq.,http://creativecommons.org/publicdomain/zero/1.0/,Quentin Groom,https://inaturalist-open-data.s3.amazonaws.com/photos/17184006/large.jpeg
neg_oxalis_dillenii_5108068373.jpg,Oxalis dillenii Jacq.,http://creativecommons.org/licenses/by/4.0/,Shawn Taylor,https://inaturalist-open-data.s3.amazonaws.com/photos/36254844/large.jpg
neg_oxalis_dillenii_2540732614.jpg,Oxalis dillenii Jacq.,http://creativecommons.org/publicdomain/zero/1.0/,Jess Miller-Camp,https://inaturalist-open-data.s3.amazonaws.com/photos/44603173/large.jpeg
neg_oxalis_dillenii_1935582100.jpg,Oxalis dillenii Jacq.,http://creativecommons.org/licenses/by/4.0/,Mary Spilman,https://inaturalist-open-data.s3.amazonaws.com/photos/25895208/large.jpg
neg_oxalis_dillenii_2451751565.jpg,Oxalis dillenii Jacq.,http://creativecommons.org/licenses/by/4.0/,Ashwin Srinivasan,https://inaturalist-open-data.s3.amazonaws.com/photos/55844659/large.jpg
neg_oxalis_dillenii_1850902294.jpg,Oxalis dillenii Jacq.,http://creativecommons.org/licenses/by/4.0/,Mary Spilman,https://inaturalist-open-data.s3.amazonaws.com/photos/18027263/large.jpg
neg_oxalis_dillenii_2447844990.jpg,Oxalis dillenii Jacq.,http://creativecommons.org/publicdomain/zero/1.0/,janeyair,https://inaturalist-open-data.s3.amazonaws.com/photos/53832882/large.jpeg
neg_oxalis_dillenii_2251838406.jpg,Oxalis dillenii Jacq.,http://creativecommons.org/licenses/by/4.0/,Roz Hunter,https://inaturalist-open-data.s3.amazonaws.com/photos/36729715/large.jpg
neg_oxalis_dillenii_3391340306.jpg,Oxalis dillenii Jacq.,http://creativecommons.org/publicdomain/zero/1.0/,Tait Sougstad,https://inaturalist-open-data.s3.amazonaws.com/photos/20894669/large.jpeg
neg_oxalis_dillenii_2006055746.jpg,Oxalis dillenii Jacq.,http://creativecommons.org/licenses/by/4.0/,Sam Kieschnick,https://inaturalist-open-data.s3.amazonaws.com/photos/31925657/large.jpg
neg_oxalis_dillenii_2242879996.jpg,Oxalis dillenii Jacq.,http://creativecommons.org/licenses/by/4.0/,Joseph McPhail,https://inaturalist-open-data.s3.amazonaws.com/photos/38198058/large.jpg
neg_oxalis_dillenii_1850900949.jpg,Oxalis dillenii Jacq.,http://creativecommons.org/licenses/by/4.0/,Lauren McLaurin,https://inaturalist-open-data.s3.amazonaws.com/photos/17402963/large.jpeg
neg_oxalis_dillenii_4080978841.jpg,Oxalis dillenii Jacq.,http://creativecommons.org/licenses/by/4.0/,Jay Brasher,https://inaturalist-open-data.s3.amazonaws.com/photos/265501919/large.jpeg
neg_oxalis_dillenii_3018136324.jpg,Oxalis dillenii Jacq.,http://creativecommons.org/publicdomain/zero/1.0/,C.,https://inaturalist-open-data.s3.amazonaws.com/photos/18561156/large.jpeg
neg_oxalis_dillenii_1880509486.jpg,Oxalis dillenii Jacq.,http://creativecommons.org/licenses/by/4.0/,Jonathan Layman,https://inaturalist-open-data.s3.amazonaws.com/photos/19922694/large.jpg
neg_oxalis_dillenii_2242768295.jpg,Oxalis dillenii Jacq.,http://creativecommons.org/publicdomain/zero/1.0/,Alan Weakley,https://inaturalist-open-data.s3.amazonaws.com/photos/36293006/large.jpg
neg_trifolium_repens_4952821390.jpg,Trifolium repens L.,http://creativecommons.org/publicdomain/zero/1.0/,Vijay Barve,https://inaturalist-open-data.s3.amazonaws.com/photos/435673580/large.jpeg
neg_trifolium_repens_1848775363.jpg,Trifolium repens L.,http://creativecommons.org/licenses/by/4.0/,Derek,https://inaturalist-open-data.s3.amazonaws.com/photos/18856332/large.jpg
neg_trifolium_repens_1850916637.jpg,Trifolium repens L.,http://creativecommons.org/licenses/by-sa/4.0/,Andreas Rockstein,https://inaturalist-open-data.s3.amazonaws.com/photos/19188396/large.jpg
neg_trifolium_repens_4054768234.jpg,Trifolium repens L.,http://creativecommons.org/licenses/by/4.0/,Leila Dasher,https://inaturalist-open-data.s3.amazonaws.com/photos/259459537/large.jpg
neg_trifolium_repens_4067233829.jpg,Trifolium repens L.,http://creativecommons.org/licenses/by/4.0/,Elliot Greiner,https://inaturalist-open-data.s3.amazonaws.com/photos/260868104/large.jpg
neg_trifolium_repens_4067641232.jpg,Trifolium repens L.,http://creativecommons.org/licenses/by/4.0/,Elliot Greiner,https://inaturalist-open-data.s3.amazonaws.com/photos/261396412/large.jpg
neg_trifolium_repens_4976671604.jpg,Trifolium repens L.,http://creativecommons.org/licenses/by/4.0/,Kieran Hanrahan,https://inaturalist-open-data.s3.amazonaws.com/photos/433295054/large.jpeg
neg_trifolium_repens_4067611857.jpg,Trifolium repens L.,http://creativecommons.org/licenses/by/4.0/,Elliot Greiner,https://inaturalist-open-data.s3.amazonaws.com/photos/260903741/large.jpg
neg_trifolium_repens_4067253801.jpg,Trifolium repens L.,http://creativecommons.org/licenses/by/4.0/,Elliot Greiner,https://inaturalist-open-data.s3.amazonaws.com/photos/260732986/large.jpg
neg_trifolium_repens_4852077632.jpg,Trifolium repens L.,http://creativecommons.org/licenses/by/4.0/,Brandon Johnson,https://inaturalist-open-data.s3.amazonaws.com/photos/371019595/large.jpeg
neg_trifolium_repens_4847180486.jpg,Trifolium repens L.,http://creativecommons.org/licenses/by/4.0/,Sandy Wolkenberg,https://inaturalist-open-data.s3.amazonaws.com/photos/366707912/large.jpg
neg_trifolium_repens_4953118016.jpg,Trifolium repens L.,http://creativecommons.org/publicdomain/zero/1.0/,Carter Dorscht,https://inaturalist-open-data.s3.amazonaws.com/photos/436643742/large.jpeg
neg_trifolium_repens_1850931999.jpg,Trifolium repens L.,http://creativecommons.org/licenses/by/4.0/,Carrie Seltzer,https://inaturalist-open-data.s3.amazonaws.com/photos/19332343/large.jpg
neg_trifolium_repens_1850944459.jpg,Trifolium repens L.,http://creativecommons.org/licenses/by/4.0/,Peeter Talvistu,https://inaturalist-open-data.s3.amazonaws.com/photos/19412776/large.jpeg
neg_trifolium_repens_5154282096.jpg,Trifolium repens L.,http://creativecommons.org/licenses/by/4.0/,Charlotte Forrest-King,https://inaturalist-open-data.s3.amazonaws.com/photos/496601716/large.jpeg
neg_trifolium_repens_4062867398.jpg,Trifolium repens L.,http://creativecommons.org/licenses/by/4.0/,Elliot Greiner,https://inaturalist-open-data.s3.amazonaws.com/photos/260707362/large.jpg
neg_trifolium_repens_1880478612.jpg,Trifolium repens L.,http://creativecommons.org/publicdomain/zero/1.0/,Andrew J. Crawford,https://inaturalist-open-data.s3.amazonaws.com/photos/19724301/large.jpg
neg_trifolium_repens_4067656891.jpg,Trifolium repens L.,http://creativecommons.org/licenses/by/4.0/,Elliot Greiner,https://inaturalist-open-data.s3.amazonaws.com/photos/260957404/large.jpg
neg_trifolium_repens_4954537253.jpg,Trifolium repens L.,http://creativecommons.org/licenses/by/4.0/,Archer Silverman,https://inaturalist-open-data.s3.amazonaws.com/photos/427570218/large.jpeg
neg_trifolium_repens_1848759099.jpg,Trifolium repens L.,http://creativecommons.org/publicdomain/zero/1.0/,Yann Kemper,https://inaturalist-open-data.s3.amazonaws.com/photos/18688120/large.jpg
neg_trifolium_repens_4067161878.jpg,Trifolium repens L.,http://creativecommons.org/licenses/by/4.0/,Elliot Greiner,https://inaturalist-open-data.s3.amazonaws.com/photos/260867394/large.jpg
neg_trifolium_repens_4054889107.jpg,Trifolium repens L.,http://creativecommons.org/publicdomain/zero/1.0/,jodynaturenut,https://inaturalist-open-data.s3.amazonaws.com/photos/259244865/large.jpeg
neg_trifolium_repens_1848764876.jpg,Trifolium repens L.,http://creativecommons.org/licenses/by/4.0/,Trevor Edmonson,https://inaturalist-open-data.s3.amazonaws.com/photos/18786241/large.jpeg
neg_trifolium_repens_5935215667.jpg,Trifolium repens L.,http://creativecommons.org/licenses/by/4.0/,Daughter Dad,https://inaturalist-open-data.s3.amazonaws.com/photos/430473153/large.jpg
neg_trifolium_repens_5154309278.jpg,Trifolium repens L.,http://creativecommons.org/licenses/by/4.0/,Jon Sullivan,https://inaturalist-open-data.s3.amazonaws.com/photos/499717983/large.jpg
neg_trifolium_repens_4851754850.jpg,Trifolium repens L.,http://creativecommons.org/licenses/by/4.0/,岸本年郎,https://inaturalist-open-data.s3.amazonaws.com/photos/371861946/large.jpg
neg_trifolium_repens_1880552028.jpg,Trifolium repens L.,http://creativecommons.org/publicdomain/zero/1.0/,myrledarr,https://inaturalist-open-data.s3.amazonaws.com/photos/20203686/large.jpg
neg_trifolium_repens_1847614987.jpg,Trifolium repens L.,http://creativecommons.org/licenses/by/4.0/,Dilrukshan Priyantha Wijesinghe,https://inaturalist-open-data.s3.amazonaws.com/photos/18678380/large.jpg
neg_trifolium_repens_4054935175.jpg,Trifolium repens L.,http://creativecommons.org/licenses/by/4.0/,Dan Johnson,https://inaturalist-open-data.s3.amazonaws.com/photos/259303990/large.jpeg
neg_trifolium_repens_4852345706.jpg,Trifolium repens L.,http://creativecommons.org/licenses/by/4.0/,Patrick Hacker,https://inaturalist-open-data.s3.amazonaws.com/photos/374004264/large.jpeg
neg_trifolium_repens_4054947736.jpg,Trifolium repens L.,http://creativecommons.org/licenses/by/4.0/,Dan Johnson,https://inaturalist-open-data.s3.amazonaws.com/photos/258684454/large.jpeg
neg_trifolium_repens_1850935266.jpg,Trifolium repens L.,http://creativecommons.org/publicdomain/zero/1.0/,Ira Gershenhorn,https://inaturalist-open-data.s3.amazonaws.com/photos/19351806/large.jpeg
neg_trifolium_repens_4852312787.jpg,Trifolium repens L.,http://creativecommons.org/licenses/by/4.0/,GERMAN LEONEL SARMIENTO CRUZ,https://inaturalist-open-data.s3.amazonaws.com/photos/371063473/large.jpg
neg_trifolium_repens_4062550274.jpg,Trifolium repens L.,http://creativecommons.org/licenses/by/4.0/,Elliot Greiner,https://inaturalist-open-data.s3.amazonaws.com/photos/260571065/large.jpg
neg_trifolium_repens_2626142361.jpg,Trifolium repens L.,http://creativecommons.org/licenses/by/4.0/,Jason Eriksen,https://inaturalist-open-data.s3.amazonaws.com/photos/17463731/large.jpg
neg_trifolium_repens_4847144877.jpg,Trifolium repens L.,http://creativecommons.org/publicdomain/zero/1.0/,Robert H. Wardell,https://inaturalist-open-data.s3.amazonaws.com/photos/365405937/large.jpeg
neg_trifolium_repens_5154404768.jpg,Trifolium repens L.,http://creativecommons.org/licenses/by/4.0/,Elliot Greiner,https://inaturalist-open-data.s3.amazonaws.com/photos/489167633/large.jpg
neg_trifolium_repens_4976520153.jpg,Trifolium repens L.,http://creativecommons.org/licenses/by/4.0/,Samuele Papeschi,https://inaturalist-open-data.s3.amazonaws.com/photos/431494172/large.jpeg
neg_trifolium_repens_4022200316.jpg,Trifolium repens L.,http://creativecommons.org/licenses/by/4.0/,Erasmo Macaya Horta,https://inaturalist-open-data.s3.amazonaws.com/photos/18123196/large.jpg
neg_trifolium_repens_5153591084.jpg,Trifolium repens L.,http://creativecommons.org/licenses/by/4.0/,carol_edwards,https://inaturalist-open-data.s3.amazonaws.com/photos/494219360/large.jpeg
neg_trifolium_repens_5154043589.jpg,Trifolium repens L.,http://creativecommons.org/publicdomain/zero/1.0/,Vince Hale,https://inaturalist-open-data.s3.amazonaws.com/photos/499017475/large.jpeg
neg_trifolium_repens_1880543488.jpg,Trifolium repens L.,http://creativecommons.org/licenses/by/4.0/,Zoltán Nagy,https://inaturalist-open-data.s3.amazonaws.com/photos/20141102/large.jpg
neg_trifolium_repens_5154161151.jpg,Trifolium repens L.,http://creativecommons.org/licenses/by/4.0/,Jon Sullivan,https://inaturalist-open-data.s3.amazonaws.com/photos/498568901/large.jpg
neg_trifolium_repens_5153810921.jpg,Trifolium repens L.,http://creativecommons.org/licenses/by/4.0/,振远 王,https://inaturalist-open-data.s3.amazonaws.com/photos/488978714/large.jpeg
neg_trifolium_repens_4851842661.jpg,Trifolium repens L.,http://creativecommons.org/licenses/by/4.0/,Barbara Banfield,https://inaturalist-open-data.s3.amazonaws.com/photos/374866468/large.jpeg
neg_trifolium_repens_4018262994.jpg,Trifolium repens L.,http://creativecommons.org/licenses/by/4.0/,Wendy McCrady,https://inaturalist-open-data.s3.amazonaws.com/photos/251787859/large.jpg
neg_trifolium_repens_1850941719.jpg,Trifolium repens L.,http://creativecommons.org/licenses/by/4.0/,Mary Krieger,https://inaturalist-open-data.s3.amazonaws.com/photos/19391379/large.jpg
neg_trifolium_repens_4974263141.jpg,Trifolium repens L.,http://creativecommons.org/licenses/by/4.0/,kiwialli,https://inaturalist-open-data.s3.amazonaws.com/photos/433738122/large.jpeg
neg_trifolium_repens_4852145806.jpg,Trifolium repens L.,http://creativecommons.org/publicdomain/zero/1.0/,Lottery Discountz,https://inaturalist-open-data.s3.amazonaws.com/photos/373871172/large.jpeg
neg_trifolium_repens_1880550675.jpg,Trifolium repens L.,http://creativecommons.org/licenses/by/4.0/,naturalist charlie,https://inaturalist-open-data.s3.amazonaws.com/photos/20194893/large.jpg
neg_trifolium_repens_5153637076.jpg,Trifolium repens L.,http://creativecommons.org/publicdomain/zero/1.0/,Nonbinary-Naturalist,https://inaturalist-open-data.s3.amazonaws.com/photos/499448680/large.jpg
neg_trifolium_repens_1850921822.jpg,Trifolium repens L.,http://creativecommons.org/publicdomain/zero/1.0/,Ira Gershenhorn,https://inaturalist-open-data.s3.amazonaws.com/photos/19245448/large.jpeg
neg_trifolium_repens_4852157747.jpg,Trifolium repens L.,http://creativecommons.org/licenses/by/4.0/,Анна,https://inaturalist-open-data.s3.amazonaws.com/photos/371740146/large.jpeg
neg_trifolium_repens_4062563266.jpg,Trifolium repens L.,http://creativecommons.org/licenses/by/4.0/,Elliot Greiner,https://inaturalist-open-data.s3.amazonaws.com/photos/260571306/large.jpg
neg_trifolium_repens_4062582924.jpg,Trifolium repens L.,http://creativecommons.org/licenses/by/4.0/,Gregory Wada,https://inaturalist-open-data.s3.amazonaws.com/photos/260048297/large.jpeg
neg_trifolium_repens_1880561814.jpg,Trifolium repens L.,http://creativecommons.org/publicdomain/zero/1.0/,Andrew J. Crawford,https://inaturalist-open-data.s3.amazonaws.com/photos/20270689/large.jpg
neg_trifolium_repens_1880550661.jpg,Trifolium repens L.,http://creativecommons.org/licenses/by/4.0/,Tyler Bishop,https://inaturalist-open-data.s3.amazonaws.com/photos/20193953/large.jpeg
neg_trifolium_repens_4953118929.jpg,Trifolium repens L.,http://creativecommons.org/publicdomain/zero/1.0/,Carter Ertel,https://inaturalist-open-data.s3.amazonaws.com/photos/435478677/large.jpeg
neg_trifolium_repens_4852162888.jpg,Trifolium repens L.,http://creativecommons.org/publicdomain/zero/1.0/,Jim Rusconi,https://inaturalist-open-data.s3.amazonaws.com/photos/370731157/large.jpeg
neg_trifolium_repens_4063113384.jpg,Trifolium repens L.,http://creativecommons.org/licenses/by/4.0/,Elliot Greiner,https://inaturalist-open-data.s3.amazonaws.com/photos/260700304/large.jpg
neg_trifolium_repens_4852302367.jpg,Trifolium repens L.,http://creativecommons.org/licenses/by/4.0/,Bartosz Czołczyński,https://inaturalist-open-data.s3.amazonaws.com/photos/367937809/large.jpg
neg_trifolium_repens_4851780195.jpg,Trifolium repens L.,http://creativecommons.org/licenses/by/4.0/,Jacek Pietruszewski,https://inaturalist-open-data.s3.amazonaws.com/photos/374979631/large.jpeg
neg_trifolium_repens_5153642377.jpg,Trifolium repens L.,http://creativecommons.org/licenses/by/4.0/,capacoscar,https://inaturalist-open-data.s3.amazonaws.com/photos/494819196/large.jpg
neg_trifolium_repens_5153479496.jpg,Trifolium repens L.,http://creativecommons.org/licenses/by/4.0/,Sivi Sivanesan,https://inaturalist-open-data.s3.amazonaws.com/photos/494960646/large.jpeg
neg_trifolium_repens_1880568835.jpg,Trifolium repens L.,http://creativecommons.org/publicdomain/zero/1.0/,Parker Hopkins,https://inaturalist-open-data.s3.amazonaws.com/photos/20316241/large.jpg
neg_trifolium_repens_4054728898.jpg,Trifolium repens L.,http://creativecommons.org/licenses/by/4.0/,Dan Johnson,https://inaturalist-open-data.s3.amazonaws.com/photos/258914375/large.jpeg
neg_trifolium_repens_4062740273.jpg,Trifolium repens L.,http://creativecommons.org/licenses/by/4.0/,Elliot Greiner,https://inaturalist-open-data.s3.amazonaws.com/photos/260550283/large.jpg
neg_trifolium_repens_5153979833.jpg,Trifolium repens L.,http://creativecommons.org/licenses/by/4.0/,Frank Ashwood,https://inaturalist-open-data.s3.amazonaws.com/photos/497912595/large.jpg
neg_trifolium_repens_1847455406.jpg,Trifolium repens L.,http://creativecommons.org/licenses/by/4.0/,Desiree L. Narango,https://inaturalist-open-data.s3.amazonaws.com/photos/17534007/large.jpg
neg_trifolium_repens_1847477079.jpg,Trifolium repens L.,http://creativecommons.org/publicdomain/zero/1.0/,Tomas Pocius,https://inaturalist-open-data.s3.amazonaws.com/photos/17679943/large.jpeg
neg_trifolium_repens_5063296711.jpg,Trifolium repens L.,http://creativecommons.org/licenses/by/4.0/,Oleg Kosterin,https://inaturalist-open-data.s3.amazonaws.com/photos/465442811/large.jpg
neg_trifolium_repens_1848765818.jpg,Trifolium repens L.,http://creativecommons.org/publicdomain/zero/1.0/,Andrew J. Crawford,https://inaturalist-open-data.s3.amazonaws.com/photos/18797880/large.jpg
neg_trifolium_repens_4067302179.jpg,Trifolium repens L.,http://creativecommons.org/publicdomain/zero/1.0/,John Gaskin,https://inaturalist-open-data.s3.amazonaws.com/photos/261302477/large.jpg
neg_trifolium_repens_4973869177.jpg,Trifolium repens L.,http://creativecommons.org/licenses/by/4.0/,antimatterbee,https://inaturalist-open-data.s3.amazonaws.com/photos/429332377/large.jpeg
neg_trifolium_repens_1850984672.jpg,Trifolium repens L.,http://creativecommons.org/publicdomain/zero/1.0/,Andrew J. Crawford,https://inaturalist-open-data.s3.amazonaws.com/photos/19710316/large.jpg
neg_trifolium_repens_4847209238.jpg,Trifolium repens L.,http://creativecommons.org/publicdomain/zero/1.0/,Richard Fuller,https://inaturalist-open-data.s3.amazonaws.com/photos/366012164/large.jpg
neg_trifolium_repens_4852130926.jpg,Trifolium repens L.,http://creativecommons.org/licenses/by/4.0/,WATANABE Hitoshi 渡辺仁,https://inaturalist-open-data.s3.amazonaws.com/photos/374289902/large.jpeg
neg_trifolium_repens_1880468868.jpg,Trifolium repens L.,http://creativecommons.org/publicdomain/zero/1.0/,Enrico Bisenzi,https://inaturalist-open-data.s3.amazonaws.com/photos/18984361/large.jpeg
neg_trifolium_repens_6133283915.jpg,Trifolium repens L.,http://creativecommons.org/publicdomain/zero/1.0/,dianne_and_gordon_purdie,https://inaturalist-open-data.s3.amazonaws.com/photos/433202731/large.jpeg
neg_trifolium_repens_4978280721.jpg,Trifolium repens L.,http://creativecommons.org/licenses/by/4.0/,Shaun Swanepoel,https://inaturalist-open-data.s3.amazonaws.com/photos/434937516/large.jpeg
neg_trifolium_repens_4067312092.jpg,Trifolium repens L.,http://creativecommons.org/publicdomain/zero/1.0/,Hugo Hulsberg,https://inaturalist-open-data.s3.amazonaws.com/photos/261234095/large.jpg
neg_trifolium_repens_4846903804.jpg,Trifolium repens L.,http://creativecommons.org/publicdomain/zero/1.0/,Richard Fuller,https://inaturalist-open-data.s3.amazonaws.com/photos/365960692/large.jpg
neg_trifolium_repens_5154005791.jpg,Trifolium repens L.,http://creativecommons.org/licenses/by/4.0/,Sivi Sivanesan,https://inaturalist-open-data.s3.amazonaws.com/photos/494954593/large.jpeg
neg_trifolium_repens_5154646365.jpg,Trifolium repens L.,http://creativecommons.org/licenses/by/4.0/,Joss Carr,https://inaturalist-open-data.s3.amazonaws.com/photos/499437165/large.jpg
neg_trifolium_repens_4953128737.jpg,Trifolium repens L.,http://creativecommons.org/licenses/by/4.0/,Peter,https://inaturalist-open-data.s3.amazonaws.com/photos/436788011/large.jpeg
neg_trifolium_repens_4054767077.jpg,Trifolium repens L.,http://creativecommons.org/licenses/by/4.0/,acartes,https://inaturalist-open-data.s3.amazonaws.com/photos/259229663/large.jpeg
neg_trifolium_repens_5154304005.jpg,Trifolium repens L.,http://creativecommons.org/publicdomain/zero/1.0/,will allman,https://inaturalist-open-data.s3.amazonaws.com/photos/493835946/large.jpeg
neg_trifolium_repens_1880492755.jpg,Trifolium repens L.,http://creativecommons.org/publicdomain/zero/1.0/,Ira Gershenhorn,https://inaturalist-open-data.s3.amazonaws.com/photos/19818248/large.jpeg
neg_trifolium_repens_1850975819.jpg,Trifolium repens L.,http://creativecommons.org/licenses/by/4.0/,Mary Krieger,https://inaturalist-open-data.s3.amazonaws.com/photos/19644070/large.jpg
neg_trifolium_repens_4054815042.jpg,Trifolium repens L.,http://creativecommons.org/licenses/by/4.0/,Alex Abair,https://inaturalist-open-data.s3.amazonaws.com/photos/259100619/large.jpg
neg_trifolium_repens_1880478593.jpg,Trifolium repens L.,http://creativecommons.org/publicdomain/zero/1.0/,Andrew J. Crawford,https://inaturalist-open-data.s3.amazonaws.com/photos/19724771/large.jpg
neg_trifolium_repens_1847450917.jpg,Trifolium repens L.,http://creativecommons.org/licenses/by/4.0/,Ryan Donnelly,https://inaturalist-open-data.s3.amazonaws.com/photos/17501503/large.jpg
neg_trifolium_repens_5007430541.jpg,Trifolium repens L.,http://creativecommons.org/licenses/by/4.0/,Eric Schmidt,https://inaturalist-open-data.s3.amazonaws.com/photos/457157920/large.jpeg
neg_trifolium_repens_5153562622.jpg,Trifolium repens L.,http://creativecommons.org/licenses/by/4.0/,Kevin Anderson,https://inaturalist-open-data.s3.amazonaws.com/photos/486509992/large.jpg
neg_trifolium_repens_1848762237.jpg,Trifolium repens L.,http://creativecommons.org/licenses/by/4.0/,Dilrukshan Priyantha Wijesinghe,https://inaturalist-open-data.s3.amazonaws.com/photos/18770584/large.jpeg
neg_trifolium_repens_5153573581.jpg,Trifolium repens L.,http://creativecommons.org/licenses/by/4.0/,Barbara Banfield,https://inaturalist-open-data.s3.amazonaws.com/photos/486105206/large.jpeg
neg_trifolium_repens_5154083472.jpg,Trifolium repens L.,http://creativecommons.org/licenses/by/4.0/,Eric Schmidt,https://inaturalist-open-data.s3.amazonaws.com/photos/504142255/large.jpeg
neg_trifolium_repens_4852106448.jpg,Trifolium repens L.,http://creativecommons.org/licenses/by/4.0/,Jo Roberts,https://inaturalist-open-data.s3.amazonaws.com/photos/368665958/large.jpeg
neg_trifolium_repens_4852202743.jpg,Trifolium repens L.,http://creativecommons.org/licenses/by/4.0/,GERMAN LEONEL SARMIENTO CRUZ,https://inaturalist-open-data.s3.amazonaws.com/photos/373149734/large.jpg
neg_trifolium_repens_5086989725.jpg,Trifolium repens L.,http://creativecommons.org/licenses/by/4.0/,Rick Field,https://inaturalist-open-data.s3.amazonaws.com/photos/255169431/large.jpg
neg_trifolium_repens_4851914541.jpg,Trifolium repens L.,http://creativecommons.org/licenses/by/4.0/,Elliot Greiner,https://inaturalist-open-data.s3.amazonaws.com/photos/369401037/large.jpg
neg_trifolium_repens_4851892621.jpg,Trifolium repens L.,http://creativecommons.org/licenses/by/4.0/,Julia Palmer,https://inaturalist-open-data.s3.amazonaws.com/photos/370435698/large.jpg
neg_trifolium_repens_1850964447.jpg,Trifolium repens L.,http://creativecommons.org/licenses/by/4.0/,Ryan Donnelly,https://inaturalist-open-data.s3.amazonaws.com/photos/19559826/large.jpg
neg_trifolium_repens_4852336134.jpg,Trifolium repens L.,http://creativecommons.org/licenses/by/4.0/,lemonsnapp,https://inaturalist-open-data.s3.amazonaws.com/photos/374609508/large.jpg
neg_trifolium_repens_5087094116.jpg,Trifolium repens L.,http://creativecommons.org/publicdomain/zero/1.0/,Radosław Puchałka,https://inaturalist-open-data.s3.amazonaws.com/photos/434292760/large.jpeg
neg_trifolium_repens_3079722445.jpg,Trifolium repens L.,http://creativecommons.org/licenses/by/4.0/,Paul Roots,https://inaturalist-open-data.s3.amazonaws.com/photos/18838511/large.jpeg
neg_trifolium_repens_4851742579.jpg,Trifolium repens L.,http://creativecommons.org/licenses/by/4.0/,Wooded Creek Wanderer,https://inaturalist-open-data.s3.amazonaws.com/photos/373902321/large.jpeg
neg_trifolium_repens_1848779075.jpg,Trifolium repens L.,http://creativecommons.org/licenses/by/4.0/,Tyler Bishop,https://inaturalist-open-data.s3.amazonaws.com/photos/18888760/large.jpeg
neg_trifolium_repens_4852159467.jpg,Trifolium repens L.,http://creativecommons.org/licenses/by/4.0/,Liadan Dickie,https://inaturalist-open-data.s3.amazonaws.com/photos/370578605/large.jpg
neg_trifolium_repens_4978438936.jpg,Trifolium repens L.,http://creativecommons.org/licenses/by/4.0/,wild_wind,https://inaturalist-open-data.s3.amazonaws.com/photos/438851895/large.jpeg
neg_trifolium_repens_1880507866.jpg,Trifolium repens L.,http://creativecommons.org/licenses/by/4.0/,Jason Grant,https://inaturalist-open-data.s3.amazonaws.com/photos/19910293/large.jpg
neg_trifolium_repens_1848801614.jpg,Trifolium repens L.,http://creativecommons.org/licenses/by/4.0/,Tyler Bishop,https://inaturalist-open-data.s3.amazonaws.com/photos/19056152/large.jpeg
neg_trifolium_repens_5154509302.jpg,Trifolium repens L.,http://creativecommons.org/licenses/by/4.0/,Jon Sullivan,https://inaturalist-open-data.s3.amazonaws.com/photos/498511049/large.jpg
neg_trifolium_repens_4851969972.jpg,Trifolium repens L.,http://creativecommons.org/licenses/by/4.0/,Frank Ashwood,https://inaturalist-open-data.s3.amazonaws.com/photos/373393275/large.jpg
neg_trifolium_repens_5154354052.jpg,Trifolium repens L.,http://creativecommons.org/licenses/by/4.0/,Ben Nettleton,https://inaturalist-open-data.s3.amazonaws.com/photos/495421907/large.jpg
neg_trifolium_repens_4852270924.jpg,Trifolium repens L.,http://creativecommons.org/licenses/by/4.0/,lemonsnapp,https://inaturalist-open-data.s3.amazonaws.com/photos/373784374/large.jpg
neg_trifolium_repens_5069957076.jpg,Trifolium repens L.,http://creativecommons.org/licenses/by/4.0/,Николай Соболев,https://inaturalist-open-data.s3.amazonaws.com/photos/470464938/large.jpg
neg_trifolium_repens_1847473454.jpg,Trifolium repens L.,http://creativecommons.org/licenses/by/4.0/,Dilrukshan Priyantha Wijesinghe,https://inaturalist-open-data.s3.amazonaws.com/photos/17656102/large.jpeg
neg_trifolium_repens_1850986480.jpg,Trifolium repens L.,http://creativecommons.org/licenses/by/4.0/,naturalist charlie,https://inaturalist-open-data.s3.amazonaws.com/photos/19713775/large.jpeg
neg_trifolium_repens_1880588388.jpg,Trifolium repens L.,http://creativecommons.org/publicdomain/zero/1.0/,Andrew J. Crawford,https://inaturalist-open-data.s3.amazonaws.com/photos/20440349/large.jpg
neg_trifolium_repens_5154037210.jpg,Trifolium repens L.,http://creativecommons.org/licenses/by/4.0/,Susan Marley,https://inaturalist-open-data.s3.amazonaws.com/photos/491531490/large.jpeg
neg_trifolium_repens_4851753901.jpg,Trifolium repens L.,http://creativecommons.org/licenses/by/4.0/,Brandon Johnson,https://inaturalist-open-data.s3.amazonaws.com/photos/374682193/large.jpeg
neg_trifolium_repens_5153845261.jpg,Trifolium repens L.,http://creativecommons.org/licenses/by/4.0/,Sivi Sivanesan,https://inaturalist-open-data.s3.amazonaws.com/photos/491601297/large.jpeg
neg_trifolium_repens_1880593581.jpg,Trifolium repens L.,http://creativecommons.org/licenses/by/4.0/,Mary Krieger,https://inaturalist-open-data.s3.amazonaws.com/photos/20478774/large.jpg
neg_trifolium_repens_4067650920.jpg,Trifolium repens L.,http://creativecommons.org/licenses/by/4.0/,Elliot Greiner,https://inaturalist-open-data.s3.amazonaws.com/photos/260969361/large.jpg
neg_trifolium_repens_1850920174.jpg,Trifolium repens L.,http://creativecommons.org/publicdomain/zero/1.0/,Reuven Martin,https://inaturalist-open-data.s3.amazonaws.com/photos/19220619/large.jpg
neg_trifolium_repens_4062897273.jpg,Trifolium repens L.,http://creativecommons.org/licenses/by/4.0/,Elliot Greiner,https://inaturalist-open-data.s3.amazonaws.com/photos/260579115/large.jpg
neg_trifolium_repens_5154245586.jpg,Trifolium repens L.,http://creativecommons.org/licenses/by/4.0/,Dave Richardson,https://inaturalist-open-data.s3.amazonaws.com/photos/497380279/large.jpg
neg_trifolium_repens_4062836047.jpg,Trifolium repens L.,http://creativecommons.org/licenses/by/4.0/,Lehmann,https://inaturalist-open-data.s3.amazonaws.com/photos/260215713/large.jpeg
neg_trifolium_repens_4852119846.jpg,Trifolium repens L.,http://creativecommons.org/licenses/by/4.0/,Brandon Corder,https://inaturalist-open-data.s3.amazonaws.com/photos/370532277/large.jpg
neg_trifolium_repens_4067633073.jpg,Trifolium repens L.,http://creativecommons.org/licenses/by/4.0/,Elliot Greiner,https://inaturalist-open-data.s3.amazonaws.com/photos/261204301/large.jpg
neg_trifolium_repens_5153794394.jpg,Trifolium repens L.,http://creativecommons.org/licenses/by/4.0/,Jon Sullivan,https://inaturalist-open-data.s3.amazonaws.com/photos/498467388/large.jpg
neg_trifolium_repens_4852255467.jpg,Trifolium repens L.,http://creativecommons.org/publicdomain/zero/1.0/,Kate Hart,https://inaturalist-open-data.s3.amazonaws.com/photos/374249025/large.jpg
neg_trifolium_repens_1850964181.jpg,Trifolium repens L.,http://creativecommons.org/licenses/by/4.0/,Ryan Donnelly,https://inaturalist-open-data.s3.amazonaws.com/photos/19560520/large.jpg
neg_trifolium_repens_5153425243.jpg,Trifolium repens L.,http://creativecommons.org/licenses/by/4.0/,Katie Scholan,https://inaturalist-open-data.s3.amazonaws.com/photos/491755834/large.jpeg
neg_trifolium_repens_4067333159.jpg,Trifolium repens L.,http://creativecommons.org/licenses/by/4.0/,Alexis Tinker-Tsavalas,https://inaturalist-open-data.s3.amazonaws.com/photos/261351605/large.jpeg
neg_trifolium_repens_5154195629.jpg,Trifolium repens L.,http://creativecommons.org/licenses/by/4.0/,Joss Carr,https://inaturalist-open-data.s3.amazonaws.com/photos/499984325/large.jpg
neg_trifolium_repens_4952847546.jpg,Trifolium repens L.,http://creativecommons.org/licenses/by/4.0/,silasheyman,https://inaturalist-open-data.s3.amazonaws.com/photos/436613778/large.jpeg
neg_trifolium_repens_4852031367.jpg,Trifolium repens L.,http://creativecommons.org/licenses/by/4.0/,Sandy Wolkenberg,https://inaturalist-open-data.s3.amazonaws.com/photos/368013941/large.jpg
neg_trifolium_repens_5153480778.jpg,Trifolium repens L.,http://creativecommons.org/publicdomain/zero/1.0/,Lyndon Howson,https://inaturalist-open-data.s3.amazonaws.com/photos/492150699/large.jpg
neg_trifolium_repens_4067660984.jpg,Trifolium repens L.,http://creativecommons.org/licenses/by/4.0/,Dan Johnson,https://inaturalist-open-data.s3.amazonaws.com/photos/261099069/large.jpeg
neg_trifolium_repens_2444982355.jpg,Trifolium repens L.,http://creativecommons.org/licenses/by/4.0/,John P Friel,https://inaturalist-open-data.s3.amazonaws.com/photos/17768846/large.jpg
neg_trifolium_repens_4978639173.jpg,Trifolium repens L.,http://creativecommons.org/licenses/by/4.0/,Shaun Swanepoel,https://inaturalist-open-data.s3.amazonaws.com/photos/434939314/large.jpeg
neg_trifolium_repens_5153636349.jpg,Trifolium repens L.,http://creativecommons.org/licenses/by/4.0/,Jon Sullivan,https://inaturalist-open-data.s3.amazonaws.com/photos/497890873/large.jpg
neg_trifolium_repens_1880576756.jpg,Trifolium repens L.,http://creativecommons.org/publicdomain/zero/1.0/,Yann Kemper,https://inaturalist-open-data.s3.amazonaws.com/photos/20367182/large.jpg
neg_trifolium_repens_1848755054.jpg,Trifolium repens L.,http://creativecommons.org/licenses/by/4.0/,j_indr,https://inaturalist-open-data.s3.amazonaws.com/photos/18236238/large.jpg
neg_trifolium_repens_4063087283.jpg,Trifolium repens L.,http://creativecommons.org/licenses/by/4.0/,Dan Johnson,https://inaturalist-open-data.s3.amazonaws.com/photos/260560040/large.jpeg
neg_trifolium_repens_4067612895.jpg,Trifolium repens L.,http://creativecommons.org/licenses/by/4.0/,Žan Rode,https://inaturalist-open-data.s3.amazonaws.com/photos/260981010/large.jpeg
neg_trifolium_repens_4953132090.jpg,Trifolium repens L.,http://creativecommons.org/licenses/by/4.0/,Peter,https://inaturalist-open-data.s3.amazonaws.com/photos/436787969/large.jpeg
neg_trifolium_repens_1847608301.jpg,Trifolium repens L.,http://creativecommons.org/licenses/by/4.0/,Sam Kieschnick,https://inaturalist-open-data.s3.amazonaws.com/photos/18623760/large.jpg
neg_trifolium_repens_5154160703.jpg,Trifolium repens L.,http://creativecommons.org/licenses/by/4.0/,Daniel Mesa,https://inaturalist-open-data.s3.amazonaws.com/photos/492097179/large.jpeg
neg_trifolium_repens_4852312757.jpg,Trifolium repens L.,http://creativecommons.org/licenses/by/4.0/,Serenella Linares,https://inaturalist-open-data.s3.amazonaws.com/photos/371136449/large.jpg
neg_trifolium_repens_1847446546.jpg,Trifolium repens L.,http://creativecommons.org/publicdomain/zero/1.0/,C.,https://inaturalist-open-data.s3.amazonaws.com/photos/17474761/large.jpeg
neg_trifolium_repens_4954469774.jpg,Trifolium repens L.,http://creativecommons.org/licenses/by/4.0/,Jamie VanBuskirk,https://inaturalist-open-data.s3.amazonaws.com/photos/441373262/large.jpeg
neg_trifolium_repens_4067241030.jpg,Trifolium repens L.,http://creativecommons.org/licenses/by/4.0/,Elliot Greiner,https://inaturalist-open-data.s3.amazonaws.com/photos/261117368/large.jpg
neg_trifolium_repens_5154209376.jpg,Trifolium repens L.,http://creativecommons.org/publicdomain/zero/1.0/,Nonbinary-Naturalist,https://inaturalist-open-data.s3.amazonaws.com/photos/500071843/large.jpg
neg_trifolium_repens_4852090265.jpg,Trifolium repens L.,http://creativecommons.org/licenses/by/4.0/,boytouchgrass,https://inaturalist-open-data.s3.amazonaws.com/photos/370471440/large.jpg
neg_trifolium_repens_5154013692.jpg,Trifolium repens L.,http://creativecommons.org/licenses/by/4.0/,Joss Carr,https://inaturalist-open-data.s3.amazonaws.com/photos/499133890/large.jpeg
neg_trifolium_repens_4846876879.jpg,Trifolium repens L.,http://creativecommons.org/publicdomain/zero/1.0/,Richard Fuller,https://inaturalist-open-data.s3.amazonaws.com/photos/365926503/large.jpg
neg_trifolium_repens_4847230070.jpg,Trifolium repens L.,http://creativecommons.org/licenses/by/4.0/,Илья Руденко,https://inaturalist-open-data.s3.amazonaws.com/photos/366335545/large.jpg
neg_trifolium_repens_4891763059.jpg,Trifolium repens L.,http://creativecommons.org/licenses/by/4.0/,Paul Cook,https://inaturalist-open-data.s3.amazonaws.com/photos/17954163/large.jpg
neg_trifolium_repens_3067956416.jpg,Trifolium repens L.,http://creativecommons.org/licenses/by/4.0/,Jared Shorma,https://inaturalist-open-data.s3.amazonaws.com/photos/21111590/large.jpg
neg_trifolium_repens_1880551431.jpg,Trifolium repens L.,http://creativecommons.org/licenses/by/4.0/,Mary Krieger,https://inaturalist-open-data.s3.amazonaws.com/photos/20199527/large.jpg
neg_trifolium_repens_1847463018.jpg,Trifolium repens L.,http://creativecommons.org/licenses/by/4.0/,Don Loarie,https://inaturalist-open-data.s3.amazonaws.com/photos/17585434/large.jpg
neg_trifolium_repens_4852136578.jpg,Trifolium repens L.,http://creativecommons.org/publicdomain/zero/1.0/,Richard Fuller,https://inaturalist-open-data.s3.amazonaws.com/photos/366369511/large.jpg
neg_trifolium_repens_4067327887.jpg,Trifolium repens L.,http://creativecommons.org/licenses/by/4.0/,Elliot Greiner,https://inaturalist-open-data.s3.amazonaws.com/photos/260869747/large.jpg
neg_trifolium_repens_4852344032.jpg,Trifolium repens L.,http://creativecommons.org/licenses/by/4.0/,Dilrukshan Priyantha Wijesinghe,https://inaturalist-open-data.s3.amazonaws.com/photos/374002817/large.jpg
neg_trifolium_repens_1847521969.jpg,Trifolium repens L.,http://creativecommons.org/licenses/by/4.0/,Mary Spilman,https://inaturalist-open-data.s3.amazonaws.com/photos/17986748/large.jpg
neg_trifolium_repens_4976211623.jpg,Trifolium repens L.,http://creativecommons.org/licenses/by/4.0/,Samuele Papeschi,https://inaturalist-open-data.s3.amazonaws.com/photos/436591210/large.jpeg
neg_trifolium_repens_5153544279.jpg,Trifolium repens L.,http://creativecommons.org/publicdomain/zero/1.0/,Diego Blanco,https://inaturalist-open-data.s3.amazonaws.com/photos/499753157/large.jpeg
neg_trifolium_repens_4067366852.jpg,Trifolium repens L.,http://creativecommons.org/licenses/by/4.0/,Daniel Cahen,https://inaturalist-open-data.s3.amazonaws.com/photos/260873433/large.jpeg
neg_trifolium_repens_4976490864.jpg,Trifolium repens L.,http://creativecommons.org/licenses/by/4.0/,Jason West,https://inaturalist-open-data.s3.amazonaws.com/photos/427073089/large.jpeg
neg_trifolium_repens_1880483812.jpg,Trifolium repens L.,http://creativecommons.org/licenses/by/4.0/,Sandy Wolkenberg,https://inaturalist-open-data.s3.amazonaws.com/photos/19765700/large.jpg
neg_trifolium_repens_4952975848.jpg,Trifolium repens L.,http://creativecommons.org/licenses/by/4.0/,Barbara Banfield,https://inaturalist-open-data.s3.amazonaws.com/photos/431583743/large.jpeg
neg_trifolium_repens_5153910192.jpg,Trifolium repens L.,http://creativecommons.org/licenses/by/4.0/,Charlotte Forrest-King,https://inaturalist-open-data.s3.amazonaws.com/photos/500103520/large.jpeg
neg_trifolium_repens_1847497288.jpg,Trifolium repens L.,http://creativecommons.org/publicdomain/zero/1.0/,C.,https://inaturalist-open-data.s3.amazonaws.com/photos/17823530/large.jpeg
neg_trifolium_repens_1880559978.jpg,Trifolium repens L.,http://creativecommons.org/licenses/by/4.0/,naturalist charlie,https://inaturalist-open-data.s3.amazonaws.com/photos/20258226/large.jpg
neg_trifolium_repens_4846968136.jpg,Trifolium repens L.,http://creativecommons.org/licenses/by/4.0/,岸本年郎,https://inaturalist-open-data.s3.amazonaws.com/photos/366928279/large.jpg
neg_trifolium_repens_1848799647.jpg,Trifolium repens L.,http://creativecommons.org/licenses/by/4.0/,kitbeard,https://inaturalist-open-data.s3.amazonaws.com/photos/19041787/large.jpeg
neg_trifolium_repens_1880509508.jpg,Trifolium repens L.,http://creativecommons.org/licenses/by/4.0/,Jonathan Layman,https://inaturalist-open-data.s3.amazonaws.com/photos/19922789/large.jpg
neg_trifolium_repens_4067223176.jpg,Trifolium repens L.,http://creativecommons.org/licenses/by/4.0/,Георгий Виноградов (Georgy Vinogradov),https://inaturalist-open-data.s3.amazonaws.com/photos/261362433/large.jpg
neg_trifolium_repens_5153731300.jpg,Trifolium repens L.,http://creativecommons.org/licenses/by/4.0/,Rich Sommer,https://inaturalist-open-data.s3.amazonaws.com/photos/497653244/large.jpeg
neg_trifolium_repens_4852062562.jpg,Trifolium repens L.,http://creativecommons.org/licenses/by/4.0/,Colin Meurk,https://inaturalist-open-data.s3.amazonaws.com/photos/371457767/large.jpeg
neg_trifolium_repens_4976194758.jpg,Trifolium repens L.,http://creativecommons.org/licenses/by/4.0/,Bartosz Czołczyński,https://inaturalist-open-data.s3.amazonaws.com/photos/441219910/large.jpg
neg_trifolium_repens_5936092447.jpg,Trifolium repens L.,http://creativecommons.org/licenses/by/4.0/,Daughter Dad,https://inaturalist-open-data.s3.amazonaws.com/photos/436726526/large.jpg
neg_trifolium_repens_1847501875.jpg,Trifolium repens L.,http://creativecommons.org/publicdomain/zero/1.0/,Andrew J. Crawford,https://inaturalist-open-data.s3.amazonaws.com/photos/17859183/large.jpg
neg_trifolium_repens_4976320514.jpg,Trifolium repens L.,http://creativecommons.org/publicdomain/zero/1.0/,Chris Ablett,https://inaturalist-open-data.s3.amazonaws.com/photos/436101712/large.jpeg
neg_trifolium_repens_4852273300.jpg,Trifolium repens L.,http://creativecommons.org/licenses/by/4.0/,naturewatchwidow,https://inaturalist-open-data.s3.amazonaws.com/photos/374795482/large.jpeg
neg_trifolium_repens_4952887955.jpg,Trifolium repens L.,http://creativecommons.org/licenses/by/4.0/,Ondřej Křivan,https://inaturalist-open-data.s3.amazonaws.com/photos/436626917/large.jpeg
neg_trifolium_repens_5154370603.jpg,Trifolium repens L.,http://creativecommons.org/publicdomain/zero/1.0/,Lyndon Howson,https://inaturalist-open-data.s3.amazonaws.com/photos/490996246/large.jpg
neg_trifolium_repens_4953030613.jpg,Trifolium repens L.,http://creativecommons.org/licenses/by/4.0/,Bartosz Czołczyński,https://inaturalist-open-data.s3.amazonaws.com/photos/438642885/large.jpg
neg_trifolium_repens_1850922826.jpg,Trifolium repens L.,http://creativecommons.org/licenses/by/4.0/,Mary Spilman,https://inaturalist-open-data.s3.amazonaws.com/photos/19260973/large.jpg
neg_trifolium_repens_5154408189.jpg,Trifolium repens L.,http://creativecommons.org/publicdomain/zero/1.0/,SueD,https://inaturalist-open-data.s3.amazonaws.com/photos/491657197/large.jpeg
neg_trifolium_repens_1841331495.jpg,Trifolium repens L.,http://creativecommons.org/licenses/by/4.0/,Yoshihiro Tokue,https://inaturalist-open-data.s3.amazonaws.com/photos/17394595/large.jpg
neg_trifolium_repens_1847528395.jpg,Trifolium repens L.,http://creativecommons.org/licenses/by/4.0/,Mary Spilman,https://inaturalist-open-data.s3.amazonaws.com/photos/18027937/large.jpg
neg_trifolium_repens_4054830980.jpg,Trifolium repens L.,http://creativecommons.org/licenses/by/4.0/,Sandy Wolkenberg,https://inaturalist-open-data.s3.amazonaws.com/photos/259071833/large.jpg
neg_trifolium_repens_4978512134.jpg,Trifolium repens L.,http://creativecommons.org/licenses/by/4.0/,Shaun Swanepoel,https://inaturalist-open-data.s3.amazonaws.com/photos/435949914/large.jpeg
neg_trifolium_repens_1848785597.jpg,Trifolium repens L.,http://creativecommons.org/licenses/by/4.0/,Jonathan Layman,https://inaturalist-open-data.s3.amazonaws.com/photos/18927277/large.jpg
neg_trifolium_repens_1890048090.jpg,Trifolium repens L.,http://creativecommons.org/publicdomain/zero/1.0/,C.,https://inaturalist-open-data.s3.amazonaws.com/photos/22120658/large.jpeg
neg_trifolium_repens_4851740530.jpg,Trifolium repens L.,http://creativecommons.org/licenses/by/4.0/,Daniel Patterson,https://inaturalist-open-data.s3.amazonaws.com/photos/370845665/large.jpg
neg_trifolium_repens_1880493148.jpg,Trifolium repens L.,http://creativecommons.org/licenses/by/4.0/,Tyler Bishop,https://inaturalist-open-data.s3.amazonaws.com/photos/19821234/large.jpeg
neg_trifolium_repens_4067645975.jpg,Trifolium repens L.,http://creativecommons.org/licenses/by/4.0/,Elliot Greiner,https://inaturalist-open-data.s3.amazonaws.com/photos/261045784/large.jpg
neg_trifolium_repens_4847002043.jpg,Trifolium repens L.,http://creativecommons.org/licenses/by/4.0/,Yurii Basov,https://inaturalist-open-data.s3.amazonaws.com/photos/365969789/large.jpeg
neg_trifolium_repens_4974228998.jpg,Trifolium repens L.,http://creativecommons.org/licenses/by/4.0/,Andrew Skotnicki,https://inaturalist-open-data.s3.amazonaws.com/photos/437503594/large.jpg
neg_trifolium_repens_1847487220.jpg,Trifolium repens L.,http://creativecommons.org/publicdomain/zero/1.0/,Yann Kemper,https://inaturalist-open-data.s3.amazonaws.com/photos/17752201/large.jpg
neg_trifolium_repens_1850959897.jpg,Trifolium repens L.,http://creativecommons.org/publicdomain/zero/1.0/,Paul Braun,https://inaturalist-open-data.s3.amazonaws.com/photos/19525966/large.jpg
neg_trifolium_repens_5037230535.jpg,Trifolium repens L.,http://creativecommons.org/licenses/by/4.0/,Ульяна Ярцева,https://inaturalist-open-data.s3.amazonaws.com/photos/425862593/large.jpeg
neg_trifolium_repens_4851975933.jpg,Trifolium repens L.,http://creativecommons.org/licenses/by/4.0/,boytouchgrass,https://inaturalist-open-data.s3.amazonaws.com/photos/370472494/large.jpg
neg_trifolium_repens_4974024779.jpg,Trifolium repens L.,http://creativecommons.org/licenses/by-sa/4.0/,Christopher Stephens,https://inaturalist-open-data.s3.amazonaws.com/photos/442550940/large.jpeg
neg_trifolium_repens_5154065946.jpg,Trifolium repens L.,http://creativecommons.org/licenses/by/4.0/,Victor Heng,https://inaturalist-open-data.s3.amazonaws.com/photos/498140344/large.jpg
neg_trifolium_repens_1850953716.jpg,Trifolium repens L.,http://creativecommons.org/licenses/by/4.0/,Mary Spilman,https://inaturalist-open-data.s3.amazonaws.com/photos/19482266/large.jpg
neg_trifolium_repens_4054942759.jpg,Trifolium repens L.,http://creativecommons.org/licenses/by/4.0/,Sandy Wolkenberg,https://inaturalist-open-data.s3.amazonaws.com/photos/258730902/large.jpg
neg_trifolium_repens_1848808854.jpg,Trifolium repens L.,http://creativecommons.org/licenses/by/4.0/,Sandra Cellina,https://inaturalist-open-data.s3.amazonaws.com/photos/19119050/large.jpeg
neg_trifolium_repens_1880509305.jpg,Trifolium repens L.,http://creativecommons.org/licenses/by/4.0/,Tom Norton,https://inaturalist-open-data.s3.amazonaws.com/photos/19920862/large.jpeg
neg_trifolium_repens_1880571163.jpg,Trifolium repens L.,http://creativecommons.org/licenses/by/4.0/,Mary Krieger,https://inaturalist-open-data.s3.amazonaws.com/photos/20329593/large.jpg
neg_trifolium_repens_1880470045.jpg,Trifolium repens L.,http://creativecommons.org/licenses/by/4.0/,LJ Moore-McClelland,https://inaturalist-open-data.s3.amazonaws.com/photos/19135298/large.jpg
neg_trifolium_repens_5153666204.jpg,Trifolium repens L.,http://creativecommons.org/licenses/by/4.0/,Rich Sommer,https://inaturalist-open-data.s3.amazonaws.com/photos/498454997/large.jpeg
neg_trifolium_repens_1850921223.jpg,Trifolium repens L.,http://creativecommons.org/licenses/by/4.0/,kitbeard,https://inaturalist-open-data.s3.amazonaws.com/photos/19243464/large.jpeg
neg_trifolium_repens_4851770234.jpg,Trifolium repens L.,http://creativecommons.org/licenses/by/4.0/,Roz Hunter,https://inaturalist-open-data.s3.amazonaws.com/photos/367947558/large.jpeg
neg_trifolium_repens_4954395481.jpg,Trifolium repens L.,http://creativecommons.org/licenses/by/4.0/,Jared Lincenberg,https://inaturalist-open-data.s3.amazonaws.com/photos/427258311/large.jpeg
neg_trifolium_repens_5154295364.jpg,Trifolium repens L.,http://creativecommons.org/licenses/by/4.0/,Justin Ponder,https://inaturalist-open-data.s3.amazonaws.com/photos/497371435/large.jpeg
neg_trifolium_repens_4954695703.jpg,Trifolium repens L.,http://creativecommons.org/licenses/by/4.0/,Jason West,https://inaturalist-open-data.s3.amazonaws.com/photos/427079678/large.jpeg
neg_trifolium_repens_4976397879.jpg,Trifolium repens L.,http://creativecommons.org/licenses/by/4.0/,Cole Wolf,https://inaturalist-open-data.s3.amazonaws.com/photos/427139276/large.jpeg
neg_trifolium_repens_5153552336.jpg,Trifolium repens L.,http://creativecommons.org/licenses/by/4.0/,Robert Stegmann,https://inaturalist-open-data.s3.amazonaws.com/photos/498232399/large.jpg
neg_trifolium_repens_4500728319.jpg,Trifolium repens L.,http://creativecommons.org/licenses/by/4.0/,Mattia Menchetti,https://inaturalist-open-data.s3.amazonaws.com/photos/18172268/large.jpeg
neg_trifolium_repens_1880610375.jpg,Trifolium repens L.,http://creativecommons.org/licenses/by/4.0/,Martin Purdy,https://inaturalist-open-data.s3.amazonaws.com/photos/20600044/large.jpg
neg_trifolium_repens_5153717573.jpg,Trifolium repens L.,http://creativecommons.org/licenses/by/4.0/,Jon Sullivan,https://inaturalist-open-data.s3.amazonaws.com/photos/498400023/large.jpg
neg_trifolium_repens_1880617647.jpg,Trifolium repens L.,http://creativecommons.org/publicdomain/zero/1.0/,Yann Kemper,https://inaturalist-open-data.s3.amazonaws.com/photos/20652545/large.jpeg
neg_trifolium_repens_3090860388.jpg,Trifolium repens L.,http://creativecommons.org/licenses/by/4.0/,Joshua Liverman,https://inaturalist-open-data.s3.amazonaws.com/photos/17268653/large.jpg
neg_trifolium_repens_4067181845.jpg,Trifolium repens L.,http://creativecommons.org/licenses/by/4.0/,Mark,https://inaturalist-open-data.s3.amazonaws.com/photos/260873170/large.jpg
neg_trifolium_repens_1880512314.jpg,Trifolium repens L.,http://creativecommons.org/licenses/by/4.0/,Tyler Bishop,https://inaturalist-open-data.s3.amazonaws.com/photos/19941296/large.jpeg
neg_trifolium_repens_4976362852.jpg,Trifolium repens L.,http://creativecommons.org/licenses/by/4.0/,Cole Wolf,https://inaturalist-open-data.s3.amazonaws.com/photos/427139027/large.jpeg
neg_trifolium_repens_1850972808.jpg,Trifolium repens L.,http://creativecommons.org/licenses/by/4.0/,Ryan Donnelly,https://inaturalist-open-data.s3.amazonaws.com/photos/19618486/large.jpg
neg_trifolium_repens_4852280581.jpg,Trifolium repens L.,http://creativecommons.org/licenses/by/4.0/,Sandy Wolkenberg,https://inaturalist-open-data.s3.amazonaws.com/photos/374724013/large.jpg
neg_trifolium_repens_4062590315.jpg,Trifolium repens L.,http://creativecommons.org/licenses/by/4.0/,Elliot Greiner,https://inaturalist-open-data.s3.amazonaws.com/photos/260760067/large.jpg
neg_trifolium_repens_4102580307.jpg,Trifolium repens L.,http://creativecommons.org/licenses/by/4.0/,Julie Travaglini,https://inaturalist-open-data.s3.amazonaws.com/photos/18237920/large.jpg
neg_trifolium_repens_4851932459.jpg,Trifolium repens L.,http://creativecommons.org/licenses/by/4.0/,eml23,https://inaturalist-open-data.s3.amazonaws.com/photos/374622940/large.jpg
neg_trifolium_repens_1847430324.jpg,Trifolium repens L.,http://creativecommons.org/licenses/by/4.0/,Tyler Bishop,https://inaturalist-open-data.s3.amazonaws.com/photos/17223961/large.jpeg
neg_trifolium_repens_5153611965.jpg,Trifolium repens L.,http://creativecommons.org/licenses/by/4.0/,Sivi Sivanesan,https://inaturalist-open-data.s3.amazonaws.com/photos/492524474/large.jpeg
neg_trifolium_repens_4063125418.jpg,Trifolium repens L.,http://creativecommons.org/licenses/by/4.0/,Elliot Greiner,https://inaturalist-open-data.s3.amazonaws.com/photos/260762643/large.jpg
neg_trifolium_repens_5154010400.jpg,Trifolium repens L.,http://creativecommons.org/licenses/by/4.0/,Charlotte Forrest-King,https://inaturalist-open-data.s3.amazonaws.com/photos/499462748/large.jpeg
neg_trifolium_repens_4953125688.jpg,Trifolium repens L.,http://creativecommons.org/licenses/by/4.0/,Георгий Виноградов (Georgy Vinogradov),https://inaturalist-open-data.s3.amazonaws.com/photos/436845825/large.jpg
neg_trifolium_repens_1848792395.jpg,Trifolium repens L.,http://creativecommons.org/publicdomain/zero/1.0/,Paul Braun,https://inaturalist-open-data.s3.amazonaws.com/photos/18976566/large.jpg
neg_trifolium_repens_1848755370.jpg,Trifolium repens L.,http://creativecommons.org/licenses/by/4.0/,Connie Taylor,https://inaturalist-open-data.s3.amazonaws.com/photos/18307391/large.jpeg
neg_trifolium_repens_1850971287.jpg,Trifolium repens L.,http://creativecommons.org/licenses/by/4.0/,Ken-ichi Ueda,https://inaturalist-open-data.s3.amazonaws.com/photos/19604741/large.jpeg
neg_trifolium_repens_4067167932.jpg,Trifolium repens L.,http://creativecommons.org/licenses/by/4.0/,Elliot Greiner,https://inaturalist-open-data.s3.amazonaws.com/photos/260957855/large.jpg
neg_trifolium_repens_4067180086.jpg,Trifolium repens L.,http://creativecommons.org/licenses/by/4.0/,Elliot Greiner,https://inaturalist-open-data.s3.amazonaws.com/photos/261204248/large.jpg
neg_trifolium_repens_4994060926.jpg,Trifolium repens L.,http://creativecommons.org/licenses/by/4.0/,Eric Schmidt,https://inaturalist-open-data.s3.amazonaws.com/photos/456282499/large.jpeg
neg_trifolium_repens_4852368692.jpg,Trifolium repens L.,http://creativecommons.org/licenses/by/4.0/,Diego Inclan,https://inaturalist-open-data.s3.amazonaws.com/photos/374770887/large.jpeg
neg_trifolium_repens_5006969709.jpg,Trifolium repens L.,http://creativecommons.org/licenses/by/4.0/,Eric Schmidt,https://inaturalist-open-data.s3.amazonaws.com/photos/457158281/large.jpeg
neg_trifolium_repens_5154262952.jpg,Trifolium repens L.,http://creativecommons.org/licenses/by/4.0/,Elliot Greiner,https://inaturalist-open-data.s3.amazonaws.com/photos/489274688/large.jpg
neg_trifolium_repens_4067579349.jpg,Trifolium repens L.,http://creativecommons.org/licenses/by/4.0/,Caleb Catto,https://inaturalist-open-data.s3.amazonaws.com/photos/261534746/large.jpg
neg_trifolium_repens_4851812037.jpg,Trifolium repens L.,http://creativecommons.org/licenses/by/4.0/,Kelvin Perrie,https://inaturalist-open-data.s3.amazonaws.com/photos/372632933/large.jpeg
neg_trifolium_repens_4954622441.jpg,Trifolium repens L.,http://creativecommons.org/licenses/by/4.0/,Archer Silverman,https://inaturalist-open-data.s3.amazonaws.com/photos/427575186/large.jpeg
neg_trifolium_repens_4851827352.jpg,Trifolium repens L.,http://creativecommons.org/licenses/by/4.0/,Bill Levine,https://inaturalist-open-data.s3.amazonaws.com/photos/362619413/large.jpeg
neg_trifolium_repens_4067664958.jpg,Trifolium repens L.,http://creativecommons.org/licenses/by/4.0/,Elliot Greiner,https://inaturalist-open-data.s3.amazonaws.com/photos/261045733/large.jpg
neg_trifolium_repens_1848754321.jpg,Trifolium repens L.,http://creativecommons.org/publicdomain/zero/1.0/,C.,https://inaturalist-open-data.s3.amazonaws.com/photos/17992388/large.jpeg
neg_trifolium_repens_5153670062.jpg,Trifolium repens L.,http://creativecommons.org/licenses/by/4.0/,Indy Bender,https://inaturalist-open-data.s3.amazonaws.com/photos/497768321/large.jpeg
neg_trifolium_repens_6235378533.jpg,Trifolium repens L.,http://creativecommons.org/publicdomain/zero/1.0/,Museo de Insectos Ayacucho MIYA Waylis,https://inaturalist-open-data.s3.amazonaws.com/photos/436184797/large.jpg
neg_trifolium_repens_5153553724.jpg,Trifolium repens L.,http://creativecommons.org/licenses/by/4.0/,Sivi Sivanesan,https://inaturalist-open-data.s3.amazonaws.com/photos/497304799/large.jpeg
neg_trifolium_repens_4976493477.jpg,Trifolium repens L.,http://creativecommons.org/licenses/by/4.0/,Demian Hiß,https://inaturalist-open-data.s3.amazonaws.com/photos/438878555/large.jpg
neg_trifolium_repens_1848756502.jpg,Trifolium repens L.,http://creativecommons.org/licenses/by/4.0/,botany08,https://inaturalist-open-data.s3.amazonaws.com/photos/18482648/large.jpeg
neg_trifolium_repens_4852258278.jpg,Trifolium repens L.,http://creativecommons.org/licenses/by/4.0/,Thomas Mesaglio,https://inaturalist-open-data.s3.amazonaws.com/photos/370665516/large.jpeg
neg_trifolium_repens_4067425540.jpg,Trifolium repens L.,http://creativecommons.org/licenses/by/4.0/,Liam Steele,https://inaturalist-open-data.s3.amazonaws.com/photos/261956986/large.jpeg
neg_trifolium_repens_5153981932.jpg,Trifolium repens L.,http://creativecommons.org/publicdomain/zero/1.0/,Vince Hale,https://inaturalist-open-data.s3.amazonaws.com/photos/485211939/large.jpeg
neg_trifolium_repens_4062662322.jpg,Trifolium repens L.,http://creativecommons.org/licenses/by/4.0/,Elliot Greiner,https://inaturalist-open-data.s3.amazonaws.com/photos/260603544/large.jpg
neg_trifolium_repens_4852065447.jpg,Trifolium repens L.,http://creativecommons.org/licenses/by/4.0/,Jon Sullivan,https://inaturalist-open-data.s3.amazonaws.com/photos/374961686/large.jpg
neg_trifolium_repens_5154361269.jpg,Trifolium repens L.,http://creativecommons.org/licenses/by/4.0/,John Davey,https://inaturalist-open-data.s3.amazonaws.com/photos/491827426/large.jpg
neg_trifolium_repens_4851835990.jpg,Trifolium repens L.,http://creativecommons.org/licenses/by/4.0/,Andrew Meeds,https://inaturalist-open-data.s3.amazonaws.com/photos/367760351/large.jpeg
neg_trifolium_repens_4067216135.jpg,Trifolium repens L.,http://creativecommons.org/publicdomain/zero/1.0/,Hugo Hulsberg,https://inaturalist-open-data.s3.amazonaws.com/photos/261369773/large.jpg
neg_trifolium_repens_5935246546.jpg,Trifolium repens L.,http://creativecommons.org/licenses/by/4.0/,Daughter Dad,https://inaturalist-open-data.s3.amazonaws.com/photos/439884730/large.jpg
neg_trifolium_repens_4976671546.jpg,Trifolium repens L.,http://creativecommons.org/licenses/by/4.0/,Cole Wolf,https://inaturalist-open-data.s3.amazonaws.com/photos/427139036/large.jpeg
neg_trifolium_repens_5153549700.jpg,Trifolium repens L.,http://creativecommons.org/licenses/by/4.0/,Texas Bird Family,https://inaturalist-open-data.s3.amazonaws.com/photos/497426231/large.jpeg
neg_trifolium_repens_4846897760.jpg,Trifolium repens L.,http://creativecommons.org/publicdomain/zero/1.0/,Richard Fuller,https://inaturalist-open-data.s3.amazonaws.com/photos/366020389/large.jpg
neg_trifolium_repens_5154187152.jpg,Trifolium repens L.,http://creativecommons.org/licenses/by/4.0/,Mark Jones,https://inaturalist-open-data.s3.amazonaws.com/photos/491417763/large.jpeg
neg_trifolium_repens_4954414963.jpg,Trifolium repens L.,http://creativecommons.org/licenses/by/4.0/,Peter,https://inaturalist-open-data.s3.amazonaws.com/photos/434985993/large.jpeg
neg_trifolium_repens_6133560403.jpg,Trifolium repens L.,http://creativecommons.org/licenses/by/4.0/,wild_wind,https://inaturalist-open-data.s3.amazonaws.com/photos/439283138/large.jpeg
neg_trifolium_repens_5036744130.jpg,Trifolium repens L.,http://creativecommons.org/licenses/by/4.0/,Marina K,https://inaturalist-open-data.s3.amazonaws.com/photos/447932407/large.jpg
neg_trifolium_repens_4852012298.jpg,Trifolium repens L.,http://creativecommons.org/publicdomain/zero/1.0/,Jonathan Sowers,https://inaturalist-open-data.s3.amazonaws.com/photos/371750980/large.jpg
neg_trifolium_repens_1880490140.jpg,Trifolium repens L.,http://creativecommons.org/licenses/by/4.0/,naturalist charlie,https://inaturalist-open-data.s3.amazonaws.com/photos/19802408/large.jpg
neg_trifolium_repens_5153903222.jpg,Trifolium repens L.,http://creativecommons.org/licenses/by-sa/4.0/,Tony Wills,https://inaturalist-open-data.s3.amazonaws.com/photos/498227975/large.jpeg
neg_trifolium_repens_5154467035.jpg,Trifolium repens L.,http://creativecommons.org/publicdomain/zero/1.0/,Lyndon Howson,https://inaturalist-open-data.s3.amazonaws.com/photos/491674140/large.jpg
neg_trifolium_repens_1847481401.jpg,Trifolium repens L.,http://creativecommons.org/publicdomain/zero/1.0/,Reuven Martin,https://inaturalist-open-data.s3.amazonaws.com/photos/17710865/large.jpg
neg_trifolium_repens_4952908743.jpg,Trifolium repens L.,http://creativecommons.org/publicdomain/zero/1.0/,Victoria Zorko,https://inaturalist-open-data.s3.amazonaws.com/photos/439377716/large.jpeg
neg_trifolium_repens_1880519036.jpg,Trifolium repens L.,http://creativecommons.org/licenses/by/4.0/,Helen Linda,https://inaturalist-open-data.s3.amazonaws.com/photos/19981919/large.jpg
neg_trifolium_repens_1880563533.jpg,Trifolium repens L.,http://creativecommons.org/licenses/by/4.0/,Mary Krieger,https://inaturalist-open-data.s3.amazonaws.com/photos/20280978/large.jpg
neg_trifolium_repens_1850929055.jpg,Trifolium repens L.,http://creativecommons.org/licenses/by/4.0/,Natalya Ivanova,https://inaturalist-open-data.s3.amazonaws.com/photos/19310506/large.jpeg
neg_trifolium_repens_6130210721.jpg,Trifolium repens L.,http://creativecommons.org/publicdomain/zero/1.0/,Patrascu Lucian-Marius,https://inaturalist-open-data.s3.amazonaws.com/photos/506343199/large.jpg
neg_trifolium_repens_4062683925.jpg,Trifolium repens L.,http://creativecommons.org/licenses/by/4.0/,Dan Johnson,https://inaturalist-open-data.s3.amazonaws.com/photos/259991654/large.jpeg
neg_trifolium_repens_4847077546.jpg,Trifolium repens L.,http://creativecommons.org/licenses/by/4.0/,Rick Chou,https://inaturalist-open-data.s3.amazonaws.com/photos/363802950/large.jpeg
neg_trifolium_repens_4953002807.jpg,Trifolium repens L.,http://creativecommons.org/publicdomain/zero/1.0/,Marino Linić,https://inaturalist-open-data.s3.amazonaws.com/photos/436255104/large.jpeg
neg_trifolium_repens_1850973221.jpg,Trifolium repens L.,http://creativecommons.org/licenses/by/4.0/,Tyler Bishop,https://inaturalist-open-data.s3.amazonaws.com/photos/19622087/large.jpeg
neg_trifolium_repens_4852159671.jpg,Trifolium repens L.,http://creativecommons.org/licenses/by/4.0/,Jenny Saito,https://inaturalist-open-data.s3.amazonaws.com/photos/370770575/large.jpeg
neg_trifolium_repens_1847445428.jpg,Trifolium repens L.,http://creativecommons.org/licenses/by/4.0/,Jennifer Boeyink Hartley,https://inaturalist-open-data.s3.amazonaws.com/photos/17466772/large.jpeg
neg_trifolium_repens_4852325452.jpg,Trifolium repens L.,http://creativecommons.org/licenses/by/4.0/,Brandon Johnson,https://inaturalist-open-data.s3.amazonaws.com/photos/370835817/large.jpg
neg_trifolium_repens_5153470961.jpg,Trifolium repens L.,http://creativecommons.org/licenses/by/4.0/,Eliot Rose,https://inaturalist-open-data.s3.amazonaws.com/photos/488925228/large.jpeg
neg_trifolium_repens_4062941981.jpg,Trifolium repens L.,http://creativecommons.org/licenses/by/4.0/,Ainsley,https://inaturalist-open-data.s3.amazonaws.com/photos/260127457/large.jpeg
neg_trifolium_repens_4067564570.jpg,Trifolium repens L.,http://creativecommons.org/licenses/by/4.0/,Sam Kieschnick,https://inaturalist-open-data.s3.amazonaws.com/photos/261953300/large.jpg
neg_trifolium_repens_5154024336.jpg,Trifolium repens L.,http://creativecommons.org/publicdomain/zero/1.0/,Leah Fulton,https://inaturalist-open-data.s3.amazonaws.com/photos/500327997/large.jpg
neg_trifolium_repens_1847486487.jpg,Trifolium repens L.,http://creativecommons.org/licenses/by/4.0/,Jason Grant,https://inaturalist-open-data.s3.amazonaws.com/photos/17746810/large.jpg
q4_oxalis_2265904790.jpg,Oxalis polyphylla var. pentaphylla (Sims) T.M.Salter,http://creativecommons.org/licenses/by/4.0/,Jeremy Gilmore,https://inaturalist-open-data.s3.amazonaws.com/photos/41846778/large.jpg
q4_oxalis_1802796678.jpg,Oxalis articulata Savigny,http://creativecommons.org/licenses/by/4.0/,Jon Sullivan,https://inaturalist-open-data.s3.amazonaws.com/photos/1226815/large.
q4_oxalis_2445020366.jpg,Oxalis corniculata L.,http://creativecommons.org/licenses/by/4.0/,John P Friel,https://inaturalist-open-data.s3.amazonaws.com/photos/17939801/large.jpg
q4_oxalis_4438782088.jpg,Oxalis acetosella L.,http://creativecommons.org/licenses/by/4.0/,Tatiana Strus,https://inaturalist-open-data.s3.amazonaws.com/photos/333512025/large.jpeg
q4_oxalis_2814368586.jpg,Oxalis acetosella L.,http://creativecommons.org/licenses/by/4.0/,Tatiana Strus,https://inaturalist-open-data.s3.amazonaws.com/photos/82598461/large.jpeg
q4_oxalis_4021973034.jpg,Oxalis pes-caprae L.,http://creativecommons.org/publicdomain/zero/1.0/,Kat,https://inaturalist-open-data.s3.amazonaws.com/photos/252964310/large.jpg
q4_oxalis_5086919523.jpg,Oxalis acetosella L.,http://creativecommons.org/publicdomain/zero/1.0/,Radosław Puchałka,https://inaturalist-open-data.s3.amazonaws.com/photos/213929032/large.jpg
q4_oxalis_4868067815.jpg,Oxalis acetosella L.,http://creativecommons.org/licenses/by/4.0/,Antonina,https://inaturalist-open-data.s3.amazonaws.com/photos/382208594/large.jpeg
q4_oxalis_1838388212.jpg,Oxalis obtusa Jacq.,http://creativecommons.org/publicdomain/zero/1.0/,Di Turner,https://inaturalist-open-data.s3.amazonaws.com/photos/15701923/large.jpg
q4_oxalis_1883945221.jpg,Oxalis polyphylla var. pentaphylla (Sims) T.M.Salter,http://creativecommons.org/licenses/by/4.0/,Billi Krochuk,https://inaturalist-open-data.s3.amazonaws.com/photos/21839821/large.jpeg
q4_oxalis_1839233372.jpg,Oxalis obtusa Jacq.,http://creativecommons.org/licenses/by-sa/4.0/,Nicola van Berkel,https://inaturalist-open-data.s3.amazonaws.com/photos/16068818/large.jpg
q4_oxalis_5920434597.jpg,Oxalis acetosella L.,http://creativecommons.org/publicdomain/zero/1.0/,Tero Linjama,https://inaturalist-open-data.s3.amazonaws.com/photos/597643523/large.jpg
q4_oxalis_1847430538.jpg,Oxalis L.,http://creativecommons.org/licenses/by/4.0/,Megan Kossa,https://inaturalist-open-data.s3.amazonaws.com/photos/17231222/large.jpeg
q4_oxalis_2013682358.jpg,Oxalis grandis Small,http://creativecommons.org/publicdomain/zero/1.0/,Jeffrey A Ewick,https://inaturalist-open-data.s3.amazonaws.com/photos/19893707/large.jpg
q4_oxalis_4165910676.jpg,Oxalis corniculata L.,http://creativecommons.org/licenses/by/4.0/,Alexis Tinker-Tsavalas,https://inaturalist-open-data.s3.amazonaws.com/photos/303919890/large.jpeg
q4_oxalis_1838061935.jpg,Oxalis obliquifolia Steud. ex A.Rich.,http://creativecommons.org/publicdomain/zero/1.0/,Peter Warren,https://inaturalist-open-data.s3.amazonaws.com/photos/15157545/large.jpg
q4_oxalis_1500285884.jpg,Oxalis debilis Kunth,http://creativecommons.org/licenses/by/4.0/,Annika Lindqvist,https://inaturalist-open-data.s3.amazonaws.com/photos/7315318/large.jpeg
q4_oxalis_2611149419.jpg,Oxalis montana Raf.,http://creativecommons.org/licenses/by/4.0/,Laura J. Costello,https://inaturalist-open-data.s3.amazonaws.com/photos/69467063/large.jpeg
q4_oxalis_6185217126.jpg,Oxalis truncatula Jacq.,http://creativecommons.org/publicdomain/zero/1.0/,Jean-Max Van Pul,https://inaturalist-open-data.s3.amazonaws.com/photos/627062298/large.jpg
q4_oxalis_4855547358.jpg,Oxalis pes-caprae L.,http://creativecommons.org/publicdomain/zero/1.0/,Daniel Das,https://inaturalist-open-data.s3.amazonaws.com/photos/378450777/large.jpeg
q4_oxalis_5140226960.jpg,Oxalis glabra Thunb.,http://creativecommons.org/licenses/by/4.0/,Ann Bentley,https://inaturalist-open-data.s3.amazonaws.com/photos/490533202/large.jpg
q4_oxalis_4102571852.jpg,Oxalis polyphylla var. pentaphylla (Sims) T.M.Salter,http://creativecommons.org/licenses/by/4.0/,Diana Studer,https://inaturalist-open-data.s3.amazonaws.com/photos/271327319/large.jpeg
q4_oxalis_6320757329.jpg,Oxalis dillenii Jacq.,http://creativecommons.org/licenses/by/4.0/,"Reanne (""Bean"") Dunn",https://inaturalist-open-data.s3.amazonaws.com/photos/659926268/large.jpg
q4_oxalis_4442417577.jpg,Oxalis acetosella L.,http://creativecommons.org/licenses/by/4.0/,Bartosz Czołczyński,https://inaturalist-open-data.s3.amazonaws.com/photos/335897160/large.jpg
q4_oxalis_891127650.jpg,Oxalis pes-caprae L.,http://creativecommons.org/licenses/by/4.0/,Justin Johnsen,https://inaturalist-open-data.s3.amazonaws.com/photos/262018/large.jpg
q4_oxalis_3915262503.jpg,Oxalis debilis Kunth,http://creativecommons.org/licenses/by/4.0/,Lance Andrew,https://inaturalist-open-data.s3.amazonaws.com/photos/188133614/large.jpeg
q4_oxalis_1802615750.jpg,Oxalis debilis Kunth,http://creativecommons.org/publicdomain/zero/1.0/,Jesse Rorabaugh,https://inaturalist-open-data.s3.amazonaws.com/photos/6574065/large.jpg
q4_oxalis_1838322925.jpg,Oxalis obtusa Jacq.,http://creativecommons.org/publicdomain/zero/1.0/,Di Turner,https://inaturalist-open-data.s3.amazonaws.com/photos/15307101/large.jpg
q4_oxalis_6399020518.jpg,Oxalis purpurea L.,http://creativecommons.org/licenses/by/4.0/,De Waal Hugo,https://inaturalist-open-data.s3.amazonaws.com/photos/673232472/large.jpg
q4_oxalis_2597728716.jpg,Oxalis debilis Kunth,http://creativecommons.org/publicdomain/zero/1.0/,Jesse Rorabaugh,https://inaturalist-open-data.s3.amazonaws.com/photos/6574095/large.jpg
q4_oxalis_4875070365.jpg,Oxalis acetosella L.,http://creativecommons.org/licenses/by/4.0/,Antoine MARNAT,https://inaturalist-open-data.s3.amazonaws.com/photos/387785327/large.jpg
q4_oxalis_4438915422.jpg,Oxalis acetosella L.,http://creativecommons.org/licenses/by/4.0/,Tatiana Strus,https://inaturalist-open-data.s3.amazonaws.com/photos/333512074/large.jpeg
q4_oxalis_2265841481.jpg,Oxalis polyphylla var. pentaphylla (Sims) T.M.Salter,http://creativecommons.org/licenses/by/4.0/,Jeremy Gilmore,https://inaturalist-open-data.s3.amazonaws.com/photos/41425642/large.jpeg
q4_oxalis_6171142000.jpg,Oxalis illinoensis Schwegman,http://creativecommons.org/licenses/by/4.0/,Devin Kellar,https://inaturalist-open-data.s3.amazonaws.com/photos/368133198/large.jpg
q4_oxalis_2626131840.jpg,Ionoxalis Small,http://creativecommons.org/licenses/by/4.0/,Tyler Bishop,https://inaturalist-open-data.s3.amazonaws.com/photos/71264039/large.jpg
q4_oxalis_1944373119.jpg,Oxalis acetosella L.,http://creativecommons.org/publicdomain/zero/1.0/,Quentin Groom,https://inaturalist-open-data.s3.amazonaws.com/photos/21320184/large.jpeg
q4_oxalis_5087133702.jpg,Oxalis triangularis A.St.-Hil.,http://creativecommons.org/licenses/by/4.0/,Leila Dasher,https://inaturalist-open-data.s3.amazonaws.com/photos/414444897/large.jpg
q4_oxalis_6196027635.jpg,Oxalis obtriangulata Maxim.,http://creativecommons.org/licenses/by/4.0/,"Kim, Hyun-tae",https://inaturalist-open-data.s3.amazonaws.com/photos/33722991/large.jpg
q4_oxalis_2826139309.jpg,Oxalis montana Raf.,http://creativecommons.org/licenses/by/4.0/,Ryan McMinds,https://inaturalist-open-data.s3.amazonaws.com/photos/8468459/large.jpg
q4_oxalis_6499121406.jpg,Oxalis compressa L.fil.,http://creativecommons.org/licenses/by/4.0/,Jared Shorma,https://inaturalist-open-data.s3.amazonaws.com/photos/720522274/large.jpg
q4_oxalis_4908530733.jpg,Oxalis debilis Kunth,http://creativecommons.org/licenses/by/4.0/,Joss Carr,https://inaturalist-open-data.s3.amazonaws.com/photos/405131021/large.jpg
q4_oxalis_5889578286.jpg,Oxalis montana Raf.,http://creativecommons.org/licenses/by/4.0/,Larry Jensen,https://inaturalist-open-data.s3.amazonaws.com/photos/193227838/large.jpg
q4_oxalis_1838388790.jpg,Oxalis obtusa Jacq.,http://creativecommons.org/publicdomain/zero/1.0/,Di Turner,https://inaturalist-open-data.s3.amazonaws.com/photos/15705845/large.jpg
q4_oxalis_1880675786.jpg,Oxalis pes-caprae L.,http://creativecommons.org/licenses/by-sa/4.0/,Tony Wills,https://inaturalist-open-data.s3.amazonaws.com/photos/1221999/large.
q4_oxalis_5938269329.jpg,Oxalis montana Raf.,http://creativecommons.org/licenses/by/4.0/,Leaf H,https://inaturalist-open-data.s3.amazonaws.com/photos/499593572/large.jpeg
q4_oxalis_1931478625.jpg,Oxalis corniculata L.,http://creativecommons.org/licenses/by/4.0/,Nicolas Noé,https://inaturalist-open-data.s3.amazonaws.com/photos/24576062/large.jpeg
q4_oxalis_4430571081.jpg,Oxalis compressa L.fil.,http://creativecommons.org/licenses/by/4.0/,Chloë Kayla Meck,https://inaturalist-open-data.s3.amazonaws.com/photos/327915068/large.jpg
q4_oxalis_2331829206.jpg,Oxalis debilis Kunth,http://creativecommons.org/publicdomain/zero/1.0/,Brady Reed,https://inaturalist-open-data.s3.amazonaws.com/photos/36696122/large.jpg
q4_oxalis_1453324908.jpg,Oxalis pes-caprae L.,http://creativecommons.org/publicdomain/zero/1.0/,Dan Horowitz,https://inaturalist-open-data.s3.amazonaws.com/photos/5937072/large.jpeg
q4_oxalis_2366007915.jpg,Oxalis obtusa Jacq.,http://creativecommons.org/publicdomain/zero/1.0/,Di Turner,https://inaturalist-open-data.s3.amazonaws.com/photos/15575046/large.jpg
q4_oxalis_2557820029.jpg,Oxalis dregei Sond.,http://creativecommons.org/publicdomain/zero/1.0/,lallen,https://inaturalist-open-data.s3.amazonaws.com/photos/59757097/large.jpg
q4_oxalis_1838321430.jpg,Oxalis obtusa Jacq.,http://creativecommons.org/licenses/by-sa/4.0/,Nicola van Berkel,https://inaturalist-open-data.s3.amazonaws.com/photos/15299271/large.jpg
q4_oxalis_3079734588.jpg,Oxalis smalliana R.Knuth,http://creativecommons.org/licenses/by/4.0/,Garth Harwood,https://inaturalist-open-data.s3.amazonaws.com/photos/38362776/large.jpeg
q4_oxalis_1838416415.jpg,Oxalis obtusa Jacq.,http://creativecommons.org/licenses/by-sa/4.0/,Nicola van Berkel,https://inaturalist-open-data.s3.amazonaws.com/photos/15895644/large.jpg
q4_oxalis_4950139319.jpg,Oxalis smithiana Eckl. & Zeyh.,http://creativecommons.org/licenses/by/4.0/,Jo Roberts,https://inaturalist-open-data.s3.amazonaws.com/photos/432613409/large.jpg
q4_oxalis_5205858354.jpg,Oxalis glabra Thunb.,http://creativecommons.org/licenses/by/4.0/,pimelea,https://inaturalist-open-data.s3.amazonaws.com/photos/240033988/large.jpg
q4_oxalis_1990584594.jpg,Oxalis acetosella L.,http://creativecommons.org/licenses/by/4.0/,Михаил Малышев,https://inaturalist-open-data.s3.amazonaws.com/photos/30629546/large.jpeg
q4_oxalis_2244241913.jpg,Oxalis polyphylla var. pentaphylla (Sims) T.M.Salter,http://creativecommons.org/licenses/by/4.0/,Jeremy Gilmore,https://inaturalist-open-data.s3.amazonaws.com/photos/39177346/large.jpg
q4_oxalis_1880644279.jpg,Oxalis corniculata L.,http://creativecommons.org/licenses/by/4.0/,Even Dankowicz,https://inaturalist-open-data.s3.amazonaws.com/photos/20844046/large.jpeg
q4_oxalis_1838388194.jpg,Oxalis obtusa Jacq.,http://creativecommons.org/publicdomain/zero/1.0/,Di Turner,https://inaturalist-open-data.s3.amazonaws.com/photos/15701665/large.jpg
q4_oxalis_5104469915.jpg,Oxalis polyphylla var. pentaphylla (Sims) T.M.Salter,http://creativecommons.org/licenses/by/4.0/,Diana Studer,https://inaturalist-open-data.s3.amazonaws.com/photos/478055867/large.jpg
q4_oxalis_1838400033.jpg,Oxalis hirta var. hirta,http://creativecommons.org/licenses/by-sa/4.0/,Nicola van Berkel,https://inaturalist-open-data.s3.amazonaws.com/photos/15780346/large.jpg
q4_oxalis_3858164304.jpg,Oxalis debilis Kunth,http://creativecommons.org/licenses/by/4.0/,Laura Clark,https://inaturalist-open-data.s3.amazonaws.com/photos/1470868/large.JPG
q4_oxalis_3343769316.jpg,Oxalis corniculata L.,http://creativecommons.org/licenses/by/4.0/,Ken-ichi Ueda,https://inaturalist-open-data.s3.amazonaws.com/photos/4293951/large.jpeg
q4_oxalis_3070334189.jpg,Oxalis bowiei W.T.Aiton ex G.Don,http://creativecommons.org/licenses/by/4.0/,Se Lena,https://inaturalist-open-data.s3.amazonaws.com/photos/96420615/large.jpeg
q4_oxalis_6188150107.jpg,Oxalis corniculata L.,http://creativecommons.org/licenses/by/4.0/,Gabriel,https://inaturalist-open-data.s3.amazonaws.com/photos/608282713/large.jpg
q4_oxalis_6188593574.jpg,Oxalis dillenii Jacq.,http://creativecommons.org/licenses/by/4.0/,Bert Kimura,https://inaturalist-open-data.s3.amazonaws.com/photos/266167034/large.jpg
q4_oxalis_4177088316.jpg,Oxalis obtusa Jacq.,http://creativecommons.org/licenses/by/4.0/,Caroline Voget,https://inaturalist-open-data.s3.amazonaws.com/photos/15745970/large.jpg
q4_oxalis_1990521870.jpg,Oxalis acetosella L.,http://creativecommons.org/licenses/by/4.0/,Eugene Popov,https://inaturalist-open-data.s3.amazonaws.com/photos/30348467/large.jpg
q4_oxalis_3117846504.jpg,Oxalis montana Raf.,http://creativecommons.org/publicdomain/zero/1.0/,Bruce Cook,https://inaturalist-open-data.s3.amazonaws.com/photos/126097983/large.jpeg
q4_oxalis_1838370441.jpg,Oxalis obtusa Jacq.,http://creativecommons.org/publicdomain/zero/1.0/,Di Turner,https://inaturalist-open-data.s3.amazonaws.com/photos/15586963/large.jpg
q4_oxalis_5216516653.jpg,Oxalis corniculata L.,http://creativecommons.org/publicdomain/zero/1.0/,Ithinkmynameis,https://inaturalist-open-data.s3.amazonaws.com/photos/512743255/large.jpg
q4_oxalis_1836677177.jpg,Oxalis debilis Kunth,http://creativecommons.org/licenses/by/4.0/,Kelsey Low,https://inaturalist-open-data.s3.amazonaws.com/photos/2900724/large.jpg
q4_oxalis_4982032665.jpg,Oxalis debilis Kunth,http://creativecommons.org/licenses/by/4.0/,Andy Jordan,https://inaturalist-open-data.s3.amazonaws.com/photos/123841926/large.jpg
q4_oxalis_5076849897.jpg,Oxalis corniculata L.,http://creativecommons.org/licenses/by/4.0/,jamie-aa,https://inaturalist-open-data.s3.amazonaws.com/photos/471218544/large.jpeg
q4_oxalis_1580518583.jpg,Oxalis acetosella L.,http://creativecommons.org/publicdomain/zero/1.0/,Dag Endresen,https://inaturalist-open-data.s3.amazonaws.com/photos/9194621/large.jpg
q4_oxalis_4454001204.jpg,Oxalis acetosella L.,http://creativecommons.org/licenses/by/4.0/,Peter Abrahamsen,https://inaturalist-open-data.s3.amazonaws.com/photos/336667938/large.jpg
q4_oxalis_4863748712.jpg,Oxalis acetosella L.,http://creativecommons.org/publicdomain/zero/1.0/,Kari Lehikoinen,https://inaturalist-open-data.s3.amazonaws.com/photos/379643219/large.jpeg
q4_oxalis_4421066484.jpg,Oxalis violacea L.,http://creativecommons.org/licenses/by/4.0/,Dominic,https://inaturalist-open-data.s3.amazonaws.com/photos/264672091/large.jpeg
q4_oxalis_2283172718.jpg,Oxalis lanata var. rosea T.M.Salter,http://creativecommons.org/licenses/by/4.0/,Jeremy Gilmore,https://inaturalist-open-data.s3.amazonaws.com/photos/44021824/large.jpg
q4_oxalis_4080662510.jpg,Oxalis acetosella L.,http://creativecommons.org/licenses/by/4.0/,Михаил Языков,https://inaturalist-open-data.s3.amazonaws.com/photos/254050101/large.jpg
q4_oxalis_4465658765.jpg,Oxalis adenophylla Gillies,http://creativecommons.org/licenses/by/4.0/,Matias Cabezas,https://inaturalist-open-data.s3.amazonaws.com/photos/339426482/large.jpeg
q4_oxalis_6253349387.jpg,Oxalis acetosella L.,http://creativecommons.org/publicdomain/zero/1.0/,Капрал Натурал,https://inaturalist-open-data.s3.amazonaws.com/photos/645196562/large.jpg
q4_trifolium_6171409393.jpg,Trifolium repens L.,http://creativecommons.org/licenses/by/4.0/,Leaf H,https://inaturalist-open-data.s3.amazonaws.com/photos/501078274/large.jpeg
q4_trifolium_1306574965.jpg,Trifolium repens L.,http://creativecommons.org/licenses/by/4.0/,Carrie Seltzer,https://inaturalist-open-data.s3.amazonaws.com/photos/4111220/large.jpg
q4_trifolium_3301940761.jpg,Trifolium repens L.,http://creativecommons.org/licenses/by/4.0/,gill_ryenats,https://inaturalist-open-data.s3.amazonaws.com/photos/132456883/large.jpg
q4_trifolium_5903707895.jpg,Trifolium repens L.,http://creativecommons.org/licenses/by/4.0/,a_virginian,https://inaturalist-open-data.s3.amazonaws.com/photos/486696896/large.jpeg
q4_trifolium_4507571650.jpg,Trifolium repens L.,http://creativecommons.org/licenses/by/4.0/,Dominic McLean,https://inaturalist-open-data.s3.amazonaws.com/photos/200153250/large.jpeg
q4_trifolium_2626538403.jpg,Trifolium repens L.,http://creativecommons.org/licenses/by/4.0/,Truman Connor,https://inaturalist-open-data.s3.amazonaws.com/photos/72227481/large.jpg
q4_trifolium_3456361540.jpg,Trifolium repens L.,http://creativecommons.org/licenses/by/4.0/,Andrew Sebastian,https://inaturalist-open-data.s3.amazonaws.com/photos/139614108/large.jpg
q4_trifolium_2422825508.jpg,Trifolium repens L.,http://creativecommons.org/publicdomain/zero/1.0/,ahaislip,https://inaturalist-open-data.s3.amazonaws.com/photos/31932375/large.jpg
q4_trifolium_4097014519.jpg,Trifolium repens L.,http://creativecommons.org/licenses/by/4.0/,Scott Harris,https://inaturalist-open-data.s3.amazonaws.com/photos/270263372/large.jpeg
q4_trifolium_2269318289.jpg,Trifolium repens L.,http://creativecommons.org/licenses/by/4.0/,Carrie Seltzer,https://inaturalist-open-data.s3.amazonaws.com/photos/42460447/large.jpg
q4_trifolium_1950018924.jpg,Trifolium repens L.,http://creativecommons.org/licenses/by/4.0/,Laura J. Costello,https://inaturalist-open-data.s3.amazonaws.com/photos/29073975/large.jpg
q4_trifolium_6479726895.jpg,Trifolium repens L.,http://creativecommons.org/publicdomain/zero/1.0/,Sean Haight,https://inaturalist-open-data.s3.amazonaws.com/photos/482921529/large.jpg
q4_trifolium_3067800970.jpg,Trifolium repens L.,http://creativecommons.org/publicdomain/zero/1.0/,wewantashrubbery,https://inaturalist-open-data.s3.amazonaws.com/photos/74999481/large.jpg
q4_trifolium_2423255194.jpg,Trifolium repens L.,http://creativecommons.org/licenses/by/4.0/,Carrie Seltzer,https://inaturalist-open-data.s3.amazonaws.com/photos/7055288/large.jpg
q4_trifolium_4413921785.jpg,Trifolium repens L.,http://creativecommons.org/licenses/by/4.0/,Lexi Destria,https://inaturalist-open-data.s3.amazonaws.com/photos/303331530/large.jpg
q4_trifolium_5889899520.jpg,Trifolium repens L.,http://creativecommons.org/licenses/by/4.0/,Ethan,https://inaturalist-open-data.s3.amazonaws.com/photos/583525642/large.jpg
q4_trifolium_6130576574.jpg,Trifolium repens L.,http://creativecommons.org/publicdomain/zero/1.0/,Anthony O'Leary,https://inaturalist-open-data.s3.amazonaws.com/photos/493807452/large.jpg
q4_trifolium_1677321808.jpg,Trifolium repens L.,http://creativecommons.org/licenses/by/4.0/,naturalist charlie,https://inaturalist-open-data.s3.amazonaws.com/photos/11291424/large.jpg
q4_trifolium_3014097859.jpg,Trifolium repens L.,http://creativecommons.org/licenses/by/4.0/,Carrie Seltzer,https://inaturalist-open-data.s3.amazonaws.com/photos/108402678/large.jpg
q4_trifolium_1571066913.jpg,Trifolium repens L.,http://creativecommons.org/licenses/by/4.0/,Brett Sandford,https://inaturalist-open-data.s3.amazonaws.com/photos/6534236/large.jpeg
q4_trifolium_4507597638.jpg,Trifolium repens L.,http://creativecommons.org/licenses/by/4.0/,Dominic McLean,https://inaturalist-open-data.s3.amazonaws.com/photos/200369057/large.jpg
q4_trifolium_3759357308.jpg,Trifolium repens L.,http://creativecommons.org/licenses/by/4.0/,Sandy Wolkenberg,https://inaturalist-open-data.s3.amazonaws.com/photos/186976135/large.jpg
q4_trifolium_4910873642.jpg,Trifolium repens L.,http://creativecommons.org/licenses/by/4.0/,Rebecca Gimenez Husted,https://inaturalist-open-data.s3.amazonaws.com/photos/125230798/large.jpg
q4_trifolium_2465204911.jpg,Trifolium repens L.,http://creativecommons.org/licenses/by/4.0/,Andrés Ramírez-Barrera,https://inaturalist-open-data.s3.amazonaws.com/photos/55591367/large.jpeg
q4_trifolium_6412943720.jpg,Trifolium repens L.,http://creativecommons.org/licenses/by/4.0/,Noah Gunn-Russell,https://inaturalist-open-data.s3.amazonaws.com/photos/632266823/large.jpg
q4_trifolium_3455995557.jpg,Trifolium repens L.,http://creativecommons.org/licenses/by/4.0/,Jude Kesl,https://inaturalist-open-data.s3.amazonaws.com/photos/39446359/large.jpg
q4_trifolium_4507581643.jpg,Trifolium repens L.,http://creativecommons.org/licenses/by/4.0/,Dominic McLean,https://inaturalist-open-data.s3.amazonaws.com/photos/200370980/large.jpg
q4_trifolium_5188140876.jpg,Trifolium repens L.,http://creativecommons.org/licenses/by/4.0/,Sandy Wolkenberg,https://inaturalist-open-data.s3.amazonaws.com/photos/518050266/large.jpg
q4_trifolium_2465101969.jpg,Trifolium repens L.,http://creativecommons.org/publicdomain/zero/1.0/,Anna,https://inaturalist-open-data.s3.amazonaws.com/photos/37609591/large.jpeg
q4_trifolium_3118429459.jpg,Trifolium repens L.,http://creativecommons.org/licenses/by/4.0/,Sandy Wolkenberg,https://inaturalist-open-data.s3.amazonaws.com/photos/129929037/large.jpg
q4_trifolium_6130257323.jpg,Trifolium repens L.,http://creativecommons.org/publicdomain/zero/1.0/,wobegoneid6,https://inaturalist-open-data.s3.amazonaws.com/photos/500512519/large.jpeg
q4_trifolium_4981995781.jpg,Trifolium repens L.,http://creativecommons.org/licenses/by/4.0/,Julia Palmer,https://inaturalist-open-data.s3.amazonaws.com/photos/450308666/large.jpeg
q4_trifolium_4507831632.jpg,Trifolium repens L.,http://creativecommons.org/licenses/by/4.0/,Dominic McLean,https://inaturalist-open-data.s3.amazonaws.com/photos/200371201/large.jpg
q4_trifolium_3859532945.jpg,Trifolium repens L.,http://creativecommons.org/publicdomain/zero/1.0/,Aleksandra Pogorzelska,https://inaturalist-open-data.s3.amazonaws.com/photos/204451558/large.jpg
q4_trifolium_4507766612.jpg,Trifolium repens L.,http://creativecommons.org/licenses/by/4.0/,Dominic McLean,https://inaturalist-open-data.s3.amazonaws.com/photos/200368540/large.jpg
q4_trifolium_3912076602.jpg,Trifolium repens L.,http://creativecommons.org/licenses/by/4.0/,Carrie Seltzer,https://inaturalist-open-data.s3.amazonaws.com/photos/229049342/large.jpg
q4_trifolium_4507827625.jpg,Trifolium repens L.,http://creativecommons.org/licenses/by/4.0/,Dominic McLean,https://inaturalist-open-data.s3.amazonaws.com/photos/200371148/large.jpg
q4_trifolium_2444981367.jpg,Trifolium repens L.,http://creativecommons.org/licenses/by/4.0/,John P Friel,https://inaturalist-open-data.s3.amazonaws.com/photos/16716633/large.jpg
q4_trifolium_4507761620.jpg,Trifolium repens L.,http://creativecommons.org/licenses/by/4.0/,Dominic McLean,https://inaturalist-open-data.s3.amazonaws.com/photos/200368877/large.jpg
q4_trifolium_6321071961.jpg,Trifolium repens L.,http://creativecommons.org/publicdomain/zero/1.0/,Steve Cross,https://inaturalist-open-data.s3.amazonaws.com/photos/652805801/large.jpg
q4_trifolium_4872179633.jpg,Trifolium repens L.,http://creativecommons.org/licenses/by/4.0/,Mason Heberling,https://inaturalist-open-data.s3.amazonaws.com/photos/386615928/large.jpg
q4_trifolium_3058854876.jpg,Trifolium repens L.,http://creativecommons.org/licenses/by/4.0/,Carrie Seltzer,https://inaturalist-open-data.s3.amazonaws.com/photos/114141712/large.jpg
q4_trifolium_4993993075.jpg,Trifolium repens L.,http://creativecommons.org/licenses/by/4.0/,Daniel Cahen,https://inaturalist-open-data.s3.amazonaws.com/photos/454458207/large.jpeg
q4_trifolium_1586101663.jpg,Trifolium repens L.,http://creativecommons.org/publicdomain/zero/1.0/,georgiasteel,https://inaturalist-open-data.s3.amazonaws.com/photos/9311101/large.jpg
q4_trifolium_4121292723.jpg,Trifolium repens L.,http://creativecommons.org/licenses/by/4.0/,lucky,https://inaturalist-open-data.s3.amazonaws.com/photos/281354068/large.jpeg
q4_trifolium_5153090198.jpg,Trifolium repens L.,http://creativecommons.org/licenses/by/4.0/,Leaf H,https://inaturalist-open-data.s3.amazonaws.com/photos/499063256/large.jpeg
q4_trifolium_1948756709.jpg,Trifolium repens L.,http://creativecommons.org/licenses/by/4.0/,Jenny Saito,https://inaturalist-open-data.s3.amazonaws.com/photos/28741982/large.jpeg
q4_trifolium_4919629596.jpg,Trifolium repens L.,http://creativecommons.org/licenses/by/4.0/,Laura Mae,https://inaturalist-open-data.s3.amazonaws.com/photos/26778845/large.jpg
q4_trifolium_3415935691.jpg,Trifolium repens L.,http://creativecommons.org/licenses/by/4.0/,Zac Peterson,https://inaturalist-open-data.s3.amazonaws.com/photos/145733162/large.jpeg
q4_trifolium_5231880549.jpg,Trifolium repens L.,http://creativecommons.org/publicdomain/zero/1.0/,Conway Hawn,https://inaturalist-open-data.s3.amazonaws.com/photos/538113150/large.jpg
q4_trifolium_3109026228.jpg,Trifolium repens L.,http://creativecommons.org/licenses/by/4.0/,Steven Bodzin,https://inaturalist-open-data.s3.amazonaws.com/photos/123389013/large.jpeg
q4_trifolium_4919538801.jpg,Trifolium repens L.,http://creativecommons.org/licenses/by/4.0/,Laura Mae,https://inaturalist-open-data.s3.amazonaws.com/photos/26698304/large.jpg
q4_trifolium_4507837603.jpg,Trifolium repens L.,http://creativecommons.org/licenses/by/4.0/,Dominic McLean,https://inaturalist-open-data.s3.amazonaws.com/photos/200369046/large.jpg
q4_trifolium_5216405756.jpg,Trifolium repens L.,http://creativecommons.org/licenses/by/4.0/,Sawyer Baran,https://inaturalist-open-data.s3.amazonaws.com/photos/528622860/large.jpg
q4_trifolium_3712548734.jpg,Trifolium repens L.,http://creativecommons.org/licenses/by/4.0/,Sandy Wolkenberg,https://inaturalist-open-data.s3.amazonaws.com/photos/181891063/large.jpg
q4_trifolium_5206149511.jpg,Trifolium repens L.,http://creativecommons.org/licenses/by/4.0/,Leaf H,https://inaturalist-open-data.s3.amazonaws.com/photos/501080878/large.jpeg
q4_trifolium_3321075130.jpg,Trifolium repens L.,http://creativecommons.org/licenses/by/4.0/,Andrew Sebastian,https://inaturalist-open-data.s3.amazonaws.com/photos/139571223/large.jpg
q4_trifolium_4507568626.jpg,Trifolium repens L.,http://creativecommons.org/licenses/by/4.0/,Dominic McLean,https://inaturalist-open-data.s3.amazonaws.com/photos/200368522/large.jpg
q4_trifolium_5006799189.jpg,Trifolium repens L.,http://creativecommons.org/licenses/by/4.0/,ecovore,https://inaturalist-open-data.s3.amazonaws.com/photos/211137124/large.jpeg
q4_trifolium_5167342573.jpg,Trifolium repens L.,http://creativecommons.org/publicdomain/zero/1.0/,ajdude22,https://inaturalist-open-data.s3.amazonaws.com/photos/461091398/large.jpg
q4_trifolium_6236550570.jpg,Trifolium repens L.,http://creativecommons.org/licenses/by/4.0/,Cindy Chapman,https://inaturalist-open-data.s3.amazonaws.com/photos/124187096/large.jpeg
q4_trifolium_3044752896.jpg,Trifolium repens L.,http://creativecommons.org/licenses/by/4.0/,Mike Tilley,https://inaturalist-open-data.s3.amazonaws.com/photos/112525976/large.jpeg
q4_trifolium_1211999400.jpg,Trifolium repens L.,http://creativecommons.org/licenses/by/4.0/,Joe Potter Butler,https://inaturalist-open-data.s3.amazonaws.com/photos/2654930/large.JPG
q4_trifolium_2236920341.jpg,Trifolium repens L.,http://creativecommons.org/licenses/by/4.0/,Leila Dasher,https://inaturalist-open-data.s3.amazonaws.com/photos/35104390/large.jpg
q4_trifolium_3994288518.jpg,Trifolium repens L.,http://creativecommons.org/licenses/by/4.0/,journey_cornett,https://inaturalist-open-data.s3.amazonaws.com/photos/231661181/large.jpg
q4_trifolium_4171257147.jpg,Trifolium repens L.,http://creativecommons.org/publicdomain/zero/1.0/,myarobilliard,https://inaturalist-open-data.s3.amazonaws.com/photos/300960056/large.jpg
q4_trifolium_2239010139.jpg,Trifolium repens L.,http://creativecommons.org/licenses/by/4.0/,Sandy Wolkenberg,https://inaturalist-open-data.s3.amazonaws.com/photos/37459079/large.jpg
q4_trifolium_3961268445.jpg,Trifolium repens L.,http://creativecommons.org/licenses/by/4.0/,Ghostomelon,https://inaturalist-open-data.s3.amazonaws.com/photos/198961649/large.jpeg
q4_trifolium_6334506671.jpg,Trifolium repens L.,http://creativecommons.org/licenses/by/4.0/,David Weisenbeck,https://inaturalist-open-data.s3.amazonaws.com/photos/663953887/large.jpg
q4_trifolium_5187550457.jpg,Trifolium repens L.,http://creativecommons.org/licenses/by/4.0/,a_virginian,https://inaturalist-open-data.s3.amazonaws.com/photos/404131950/large.jpeg
q4_trifolium_1847410686.jpg,Trifolium repens L.,http://creativecommons.org/licenses/by/4.0/,Stosh Morency,https://inaturalist-open-data.s3.amazonaws.com/photos/14286721/large.jpeg
q4_trifolium_3124616004.jpg,Trifolium repens L.,http://creativecommons.org/publicdomain/zero/1.0/,Ian Wolfe,https://inaturalist-open-data.s3.amazonaws.com/photos/131974595/large.jpg
q4_trifolium_1837738159.jpg,Trifolium repens L.,http://creativecommons.org/licenses/by/4.0/,Hippytiger,https://inaturalist-open-data.s3.amazonaws.com/photos/14610314/large.jpeg
